Month Year,Ambulance Trust,Count of Handovers Over 15 Minutes,Handover Compliance,% of Handovers Over 15 Minutes,Count of Handovers Over 30 Minutes,% of Handovers Over 30 Minutes,Count of Handovers Over 60 Minutes,% of Handovers Over 60 Minutes,Count of Handovers Over 90 Minutes,% of Handovers Over 90 Minutes,Hours lost for Handovers over 15 minutes,Hours lost for Handovers over 30 minutes,Hours lost for Handovers over 60 minutes,Longest Handover (mm.m),Mean Handover Time (mm.m),90th Centile Handover Time (mm.m),Total Handover Time (hh.h),Average Time Lost for Handovers over 15 minutes per Handover (hh.h)
Apr-20,EEAST,"18,407",88.67%,67.53%,"3,656",13.41%,288,1.06%,77,0.28%,"3,063.77",688.42,118.86,383.08,20.3,32.65,"9,220.60",0.11
Apr-20,EMAS,"19,453",100.00%,64.57%,"4,355",14.45%,268,0.89%,61,0.20%,"9,988.48","2,047.49",164.51,352.83,20.25,32.3,"10,169.83",0.33
Apr-20,IOW,400,49.26%,109.29%,73,19.95%,14,3.83%,5,1.37%,70.59,21.28,5.6,182.52,34.56,29.3,210.82,0.19
Apr-20,LAS,"27,133",94.73%,68.18%,"5,800",14.58%,354,0.89%,354,0.89%,"4,661.13","1,012.47",228.12,348.45,20.65,32.01,"13,695.73",0.12
Apr-20,NEAS,"5,236",69.80%,48.58%,535,4.96%,24,0.22%,1,0.01%,594.86,205.94,22.2,107.35,15.71,51.57,"2,822.18",0.06
Apr-20,NWAS,"15,427",60.78%,62.21%,"3,403",13.72%,171,0.69%,35,0.14%,"2,612.49",576.73,55.99,153.15,19.76,32.41,"8,168.43",0.11
Apr-20,SCAS,"5,757",75.54%,38.99%,485,3.28%,30,0.20%,8,0.05%,614.97,77.93,9.05,136.2,14.88,20.99,"3,660.52",0.04
Apr-20,SECAmb,"16,538",91.92%,62.91%,"2,587",9.84%,99,0.38%,13,0.05%,"2,304.41",373.5,23.41,145.68,18.84,28.6,"8,252.11",0.09
Apr-20,SWAS,"7,645",100.00%,26.51%,"1,265",4.39%,77,0.27%,12,0.04%,"1,091.75",214.82,20.14,128.22,12.03,22.53,"5,780.37",0.04
Apr-20,WMAS,"19,955",86.51%,57.38%,"2,300",6.61%,63,0.18%,14,0.04%,"2,434.49",281.61,18.32,133.13,17.71,26.19,"10,261.71",0.07
Apr-20,YAS,"5,862",69.75%,31.90%,"1,104",6.01%,68,0.37%,12,0.07%,912.71,194.89,20.43,214.9,12.51,24.4,"3,831.93",0.05
May-20,EEAST,"21,766",91.85%,62.76%,"3,795",10.94%,267,0.77%,75,0.22%,"3,347.16",688.37,111.01,239.73,19.23,30.81,"11,114.61",0.1
May-20,EMAS,"20,230",100.00%,58.92%,"3,458",10.07%,169,0.49%,42,0.12%,"9,692.92","1,519.42",96.45,217.53,18.59,29.03,"10,640.38",0.28
May-20,IOW,528,68.69%,77.65%,72,10.59%,9,1.32%,8,1.18%,90.24,29.59,18.07,363.88,24.76,27.25,280.65,0.13
May-20,LAS,"26,536",97.11%,58.80%,"3,423",7.58%,48,0.11%,48,0.11%,"3,351.37",330.56,8.78,117.63,17.7,26.47,"13,310.95",0.07
May-20,NEAS,"5,995",78.83%,43.25%,552,3.98%,18,0.13%,2,0.01%,630.61,214.88,18.19,102.57,14.96,50.83,"3,456.41",0.05
May-20,NWAS,"33,511",68.96%,51.94%,"4,944",7.66%,205,0.32%,26,0.04%,"4,563.89",727.23,51.79,166.18,17.15,27.53,"18,440.39",0.07
May-20,SCAS,"6,416",80.59%,35.80%,518,2.89%,32,0.18%,7,0.04%,647.57,85.85,12.18,154.22,14.44,20.3,"4,313.71",0.04
May-20,SECAmb,"16,852",93.74%,53.95%,"2,072",6.63%,66,0.21%,6,0.02%,"2,043.33",256.37,12.04,111.82,17.05,25.76,"8,875.98",0.07
May-20,SWAS,"8,647",100.00%,24.66%,"1,477",4.21%,89,0.25%,14,0.04%,"1,254.49",271.84,27.42,156.32,11.7,21.98,"6,837.17",0.04
May-20,WMAS,"19,419",88.01%,48.83%,"1,940",4.88%,72,0.18%,3,0.01%,"2,200.92",258.23,13.38,109.43,16.39,24.34,"10,864.84",0.06
May-20,YAS,"6,741",70.29%,31.62%,"1,246",5.84%,98,0.46%,20,0.09%,"1,064.44",243.11,31.36,213.95,12.66,24.41,"4,497.76",0.05
Jun-20,EEAST,"22,182",92.98%,60.65%,"3,326",9.09%,223,0.61%,39,0.11%,"3,133.73",582.26,69.81,200.15,18.6,29.28,"11,337.71",0.09
Jun-20,EMAS,"19,901",100.00%,56.82%,"3,183",9.09%,223,0.64%,36,0.10%,"9,323.40","1,446.96",119.74,348.28,18.19,28.76,"10,615.89",0.27
Jun-20,IOW,571,79.08%,61.40%,55,5.91%,6,0.65%,4,0.43%,70.78,10.28,4.07,137.52,18.17,24.81,281.68,0.08
Jun-20,LAS,"27,384",97.30%,56.29%,"3,522",7.24%,51,0.10%,51,0.10%,"3,438.33",345.07,17.47,165.22,17.38,26.01,"14,090.51",0.07
Jun-20,NEAS,"6,200",81.50%,42.51%,586,4.02%,36,0.25%,6,0.04%,651.66,238.28,35.25,119.43,15.01,49.74,"3,648.42",0.04
Jun-20,NWAS,"17,648",72.47%,49.96%,"2,376",6.73%,93,0.26%,13,0.04%,"2,300.73",343.33,22.72,145.68,16.74,26.84,"9,852.13",0.07
Jun-20,SCAS,"6,631",85.13%,33.03%,479,2.39%,31,0.15%,9,0.04%,645.81,82.35,12.94,150.52,13.97,20.01,"4,675.12",0.03
Jun-20,SECAmb,"16,239",94.00%,51.49%,"1,804",5.72%,74,0.23%,16,0.05%,"1,914.19",250.66,21.1,128.03,16.64,25.21,"8,748.21",0.06
Jun-20,SWAS,"9,416",100.00%,25.54%,"1,756",4.76%,224,0.61%,72,0.20%,"1,543.70",432.55,92.44,226.5,12.07,23.19,"7,416.64",0.04
Jun-20,WMAS,"18,714",88.58%,44.17%,"1,907",4.50%,194,0.46%,45,0.11%,"2,233.21",395.99,84.51,326.27,15.98,24.05,"11,284.54",0.05
Jun-20,YAS,"7,102",72.05%,31.24%,"1,500",6.60%,206,0.91%,76,0.33%,"1,312.03",421.17,126.66,382.58,13.13,25.99,"4,974.04",0.06
Jul-20,EEAST,"22,357",92.80%,56.14%,"3,520",8.84%,388,0.97%,136,0.34%,"3,366.61",816.47,188.51,265.18,18.39,30.02,"12,203.83",0.08
Jul-20,EMAS,"21,161",100.00%,56.51%,"3,656",9.76%,298,0.80%,72,0.19%,"10,088.10","1,722.90",184.06,359.17,18.42,29.07,"11,492.68",0.27
Jul-20,IOW,729,84.30%,67.56%,80,7.41%,9,0.83%,4,0.37%,102.14,19.07,6.69,184.9,19.59,26.69,352.25,0.09
Jul-20,LAS,"28,913",96.60%,56.74%,"3,911",7.67%,86,0.17%,86,0.17%,"3,769.67",472.67,27.56,206.25,17.63,26.49,"14,975.79",0.07
Jul-20,NEAS,"6,457",80.21%,42.23%,747,4.89%,70,0.46%,18,0.12%,769.63,337.04,75.94,163.62,15.36,49.14,"3,913.87",0.05
Jul-20,NWAS,"18,409",71.94%,49.20%,"2,554",6.83%,157,0.42%,34,0.09%,"2,459.27",416.09,51.03,216.93,16.74,26.91,"10,440.23",0.07
Jul-20,SCAS,"7,545",84.74%,34.50%,723,3.31%,68,0.31%,18,0.08%,829.4,146.15,25.94,214.27,14.47,20.93,"5,276.29",0.04
Jul-20,SECAmb,"15,025",93.43%,45.53%,"1,858",5.63%,75,0.23%,7,0.02%,"1,829.24",261.6,16.75,144.3,15.94,24.61,"8,766.42",0.06
Jul-20,SWAS,"11,412",100.00%,27.44%,"2,385",5.73%,371,0.89%,79,0.19%,"2,031.84",639.43,130.1,250.25,12.74,24.51,"8,830.43",0.05
Jul-20,WMAS,"20,128",88.47%,44.14%,"2,214",4.86%,321,0.70%,96,0.21%,"2,551.13",552.34,139.07,171.18,16.12,24.74,"12,251.88",0.06
Jul-20,YAS,"7,780",74.87%,30.58%,"1,534",6.03%,126,0.50%,36,0.14%,"1,275.76",326.59,64.93,227.85,12.75,24.72,"5,405.44",0.05
Aug-20,EEAST,"24,429",93.60%,59.77%,"4,502",11.01%,786,1.92%,291,0.71%,"4,245.36","1,326.91",383.86,290.05,19.68,33.65,"13,409.34",0.1
Aug-20,EMAS,"22,582",100.00%,59.62%,"4,640",12.25%,583,1.54%,191,0.50%,"11,144.43","2,358.02",372.34,243.47,19.65,32.27,"12,403.89",0.29
Aug-20,IOW,859,89.75%,71.64%,98,8.17%,5,0.42%,3,0.25%,115.36,20.57,7.06,226.15,19.86,27.51,396.87,0.1
Aug-20,LAS,"31,475",97.04%,58.27%,"5,047",9.34%,203,0.38%,203,0.38%,"4,531.81",782.24,99.1,303.7,18.28,27.71,"16,452.13",0.08
Aug-20,NEAS,"7,022",79.83%,45.41%,"1,017",6.58%,144,0.93%,22,0.14%,965.54,502.01,148.68,154.15,16.21,49.82,"4,176.96",0.06
Aug-20,NWAS,"18,973",72.11%,51.08%,"3,183",8.57%,280,0.75%,75,0.20%,"2,840.38",633.36,109.9,212.93,17.49,28.96,"10,829.19",0.08
Aug-20,SCAS,"9,187",85.31%,40.38%,"1,144",5.03%,224,0.98%,107,0.47%,"1,274.57",375.43,131,186.83,15.93,24.38,"6,040.14",0.06
Aug-20,SECAmb,"17,240",93.61%,49.95%,"2,601",7.54%,209,0.61%,38,0.11%,"2,397.03",490.75,67.65,144.05,17.1,26.86,"9,836.82",0.07
Aug-20,SWAS,"13,754",100.00%,32.15%,"3,760",8.79%,"1,039",2.43%,463,1.08%,"3,441.03","1,600.73",621.24,229.47,15.09,31.16,"10,758.27",0.08
Aug-20,WMAS,"22,386",90.06%,47.04%,"3,157",6.63%,564,1.19%,170,0.36%,"3,315.66",905.61,254.07,228.8,17.05,27.4,"13,524.81",0.07
Aug-20,YAS,"8,754",75.69%,33.30%,"2,006",7.63%,225,0.86%,49,0.19%,"1,572.14",447.68,79.91,185.32,13.71,26.59,"6,007.20",0.06
Sep-20,EEAST,"24,059",93.07%,60.85%,"5,169",13.07%,959,2.43%,360,0.91%,"4,659.19","1,654.41",506.62,322.15,20.6,35.31,"13,571.15",0.12
Sep-20,EMAS,"23,369",100.00%,62.06%,"5,687",15.10%,"1,051",2.79%,426,1.13%,"12,134.80","3,270.36",814.95,295.77,21.34,37.03,"13,394.24",0.32
Sep-20,IOW,901,91.00%,74.28%,119,9.81%,19,1.57%,8,0.66%,136.58,32.31,12.39,175.87,21.02,29.19,424.86,0.11
Sep-20,LAS,"30,462",96.21%,58.52%,"5,143",9.88%,280,0.54%,280,0.54%,"4,619.04",918.92,200.91,444.78,18.57,28.7,"16,115.00",0.09
Sep-20,NEAS,"6,858",78.74%,46.37%,"1,032",6.98%,207,1.40%,44,0.30%,"1,012.87",554.85,227.37,230.6,16.68,50.93,"4,111.48",0.07
Sep-20,NWAS,"19,325",69.43%,55.94%,"3,684",10.66%,431,1.25%,134,0.39%,"3,216.08",852.57,189.65,266.58,18.77,31.27,"10,803.58",0.09
Sep-20,SCAS,"8,956",84.17%,40.11%,"1,269",5.68%,264,1.18%,97,0.43%,"1,329.00",413.95,136.56,260.5,16.05,24.67,"5,974.66",0.06
Sep-20,SECAmb,"16,431",92.54%,49.97%,"2,460",7.48%,231,0.70%,47,0.14%,"2,281.59",493.87,76.78,199.92,17.16,27.08,"9,402.58",0.07
Sep-20,SWAS,"13,612",100.00%,32.40%,"3,739",8.90%,896,2.13%,382,0.91%,"3,296.83","1,457.17",527.78,287.47,14.98,30.57,"10,488.64",0.08
Sep-20,WMAS,"24,177",89.90%,51.54%,"4,538",9.67%,"1,000",2.13%,356,0.76%,"4,441.51","1,593.33",529.52,264.05,18.78,31.67,"14,679.28",0.09
Sep-20,YAS,"8,756",72.36%,35.52%,"2,410",9.78%,441,1.79%,135,0.55%,"1,906.55",706.05,173.64,205.58,14.87,29.47,"6,109.05",0.08
Oct-20,EEAST,"25,357",93.26%,61.26%,"5,922",14.31%,"1,439",3.48%,654,1.58%,"5,648.88","2,395.83",946.75,392.45,21.7,39.84,"14,973.08",0.14
Oct-20,EMAS,"24,111",100.00%,61.63%,"6,130",15.67%,"1,326",3.39%,552,1.41%,"12,828.32","3,730.80","1,022.01",283.13,21.76,38.26,"14,186.15",0.33
Oct-20,IOW,972,91.74%,42.08%,148,6.41%,30,1.30%,26,1.13%,167.65,61.5,33,184.53,16.96,24.32,652.91,0.07
Oct-20,LAS,"33,136",96.61%,60.49%,"6,145",11.22%,396,0.72%,396,0.72%,"5,323.51","1,167.04",233.41,"1,455.97",19.17,29.84,"17,502.73",0.1
Oct-20,NEAS,"7,449",75.46%,51.61%,"1,321",9.15%,194,1.34%,36,0.25%,"1,168.59",665.54,207.72,206.77,17.68,53.6,"4,251.54",0.08
Oct-20,NWAS,"20,261",66.35%,61.57%,"5,085",15.45%,"1,047",3.18%,436,1.32%,"4,575.18","1,842.10",712.21,455.52,21.83,38.93,"11,973.64",0.14
Oct-20,SCAS,"9,741",84.94%,41.47%,"1,780",7.58%,431,1.83%,153,0.65%,"1,724.32",636.35,196.87,206.93,16.94,27.1,"6,629.99",0.07
Oct-20,SECAmb,"17,422",93.29%,50.54%,"2,872",8.33%,316,0.92%,86,0.25%,"2,584.84",655.54,123.18,269.07,17.54,28.43,"10,076.65",0.07
Oct-20,SWAS,"14,856",100.00%,34.54%,"4,580",10.65%,"1,322",3.07%,556,1.29%,"4,096.70","1,999.53",773.25,364.42,16.21,33.59,"11,621.18",0.1
Oct-20,WMAS,"25,210",89.98%,52.19%,"5,580",11.55%,"1,676",3.47%,734,1.52%,"5,644.99","2,543.70","1,043.58",322.72,20.09,35.72,"16,172.23",0.12
Oct-20,YAS,"10,348",72.59%,39.98%,"3,533",13.65%,984,3.80%,432,1.67%,"3,125.01","1,574.58",642.17,531.5,17.71,37.97,"7,639.93",0.12
Nov-20,EEAST,"24,219",94.02%,61.95%,"5,438",13.91%,"1,458",3.73%,665,1.70%,"5,376.51","2,308.49",934.2,437.27,21.77,39.05,"14,188.50",0.14
Nov-20,EMAS,"22,934",100.00%,62.63%,"6,293",17.19%,"1,640",4.48%,831,2.27%,"13,052.26","4,494.55","1,650.86",420,23.39,43.7,"14,273.91",0.36
Nov-20,IOW,443,93.63%,38.12%,57,4.91%,4,0.34%,0,0.00%,52.25,8.63,1.08,88.98,15.19,23.17,294.1,0.04
Nov-20,LAS,"32,174",97.00%,59.92%,"6,210",11.57%,539,1.00%,539,1.00%,"5,512.86","1,430.42",400.14,400.8,19.47,30.66,"17,423.52",0.1
Nov-20,NEAS,"7,357",76.59%,53.14%,"1,234",8.91%,220,1.59%,65,0.47%,"1,203.65",672.15,261.68,235.28,18.05,55.65,"4,164.41",0.09
Nov-20,NWAS,"18,991",67.35%,59.24%,"4,466",13.93%,771,2.41%,299,0.93%,"3,834.22","1,356.14",423.86,330.67,20.52,35.62,"10,961.50",0.12
Nov-20,SCAS,"9,273",83.64%,42.92%,"2,021",9.35%,642,2.97%,292,1.35%,"2,090.19",997.82,439.18,330.28,18.39,31.45,"6,621.25",0.1
Nov-20,SECAmb,"18,217",93.21%,54.43%,"3,481",10.40%,660,1.97%,297,0.89%,"3,352.41","1,214.47",457.71,589.43,19.26,33.19,"10,744.85",0.1
Nov-20,SWAS,"13,734",100.00%,34.24%,"4,405",10.98%,"1,330",3.32%,627,1.56%,"4,039.42","2,071.19",866.5,281.5,16.47,34.7,"11,009.63",0.1
Nov-20,WMAS,"25,163",89.94%,54.68%,"6,240",13.56%,"2,097",4.56%,"1,069",2.32%,"6,572.87","3,331.37","1,589.44",365,21.78,40.2,"16,704.83",0.14
Nov-20,YAS,"9,902",67.96%,42.67%,"3,492",15.05%,925,3.99%,365,1.57%,"2,921.22","1,423.63",511.08,297.3,18.44,38.28,"7,130.35",0.13
Dec-20,EEAST,"27,594",91.00%,69.28%,"8,861",22.25%,"3,587",9.01%,"2,098",5.27%,"10,172.24","6,170.17","3,452.43",496.27,29.18,60.11,"19,369.17",0.26
Dec-20,EMAS,"24,388",100.00%,64.24%,"6,920",18.23%,"1,847",4.87%,880,2.32%,"14,088.73","4,831.62","1,668.26",486.65,23.75,43.94,"15,027.40",0.37
Dec-20,IOW,375,96.02%,29.37%,50,3.92%,6,0.47%,3,0.23%,52.27,14.51,6.58,267.52,14.34,21.27,305.19,0.04
Dec-20,LAS,"36,302",94.64%,69.18%,"11,473",21.86%,"2,994",5.71%,"2,994",5.71%,"11,547.24","6,104.29","3,220.53",608.75,26.95,49.73,"23,564.96",0.22
Dec-20,NEAS,"7,830",75.57%,55.34%,"1,405",9.93%,261,1.84%,80,0.57%,"1,319.89",774.15,310.13,240.98,18.61,55.55,"4,388.09",0.09
Dec-20,NWAS,"23,465",73.61%,60.14%,"5,786",14.83%,"1,043",2.67%,375,0.96%,"4,945.90","1,796.96",556.55,304.72,20.98,36.78,"13,643.19",0.13
Dec-20,SCAS,"11,400",83.33%,48.43%,"2,975",12.64%,"1,156",4.91%,613,2.60%,"3,400.04","1,947.79","1,038.99",534.78,21.51,38.87,"8,438.65",0.14
Dec-20,SECAmb,"19,832",91.63%,60.80%,"4,918",15.08%,"1,466",4.49%,816,2.50%,"5,374.28","2,813.92","1,530.59",531.02,23.44,44.41,"12,744.72",0.16
Dec-20,SWAS,"16,960",100.00%,40.50%,"6,958",16.61%,"2,822",6.74%,"1,497",3.57%,"7,168.15","4,485.99","2,290.45",383.92,21.23,48.17,"14,821.11",0.17
Dec-20,WMAS,"28,461",90.05%,59.05%,"8,239",17.09%,"3,092",6.41%,"1,630",3.38%,"8,862.53","4,948.36","2,506.96",440,24.46,48.69,"19,651.56",0.18
Dec-20,YAS,"10,487",76.29%,39.78%,"3,372",12.79%,812,3.08%,321,1.22%,"2,789.53","1,260.55",425.82,237.93,17,35.15,"7,469.35",0.11
Jan-21,EEAST,"27,288",92.07%,70.63%,"7,846",20.31%,"2,764",7.15%,"1,471",3.81%,"8,464.75","4,600.31","2,351.26",461.43,27.04,52.03,"17,414.04",0.22
Jan-21,EMAS,"24,120",100.00%,64.62%,"6,814",18.26%,"1,830",4.90%,885,2.37%,"13,982.56","4,840.33","1,723.48",448,23.86,44.59,"14,842.24",0.37
Jan-21,IOW,344,90.84%,30.44%,52,4.60%,16,1.42%,5,0.44%,54.06,21.28,8.13,157.32,14.64,21.22,275.78,0.05
Jan-21,LAS,"37,120",94.58%,72.22%,"11,923",23.20%,"2,707",5.27%,"2,707",5.27%,"11,053.95","5,387.59","2,578.65",476.33,26.78,47.92,"22,938.70",0.22
Jan-21,NEAS,"7,682",74.44%,55.84%,"1,412",10.26%,284,2.06%,92,0.67%,"1,353.00",807.44,345.06,226.43,18.92,55.87,"4,338.88",0.1
Jan-21,NWAS,"23,336",72.19%,61.51%,"5,994",15.80%,"1,282",3.38%,587,1.55%,"5,418.66","2,242.63",893.74,335.17,22.03,39.55,"13,930.99",0.14
Jan-21,SCAS,"11,379",84.14%,49.52%,"2,656",11.56%,913,3.97%,495,2.15%,"2,946.14","1,554.44",817.32,502.5,20.67,35.48,"7,915.73",0.13
Jan-21,SECAmb,"20,049",91.10%,63.17%,"4,359",13.73%,"1,135",3.58%,609,1.92%,"4,583.39","2,077.54","1,030.09",564.45,22.35,39.33,"11,821.69",0.14
Jan-21,SWAS,"16,525",100.00%,42.08%,"6,873",17.50%,"2,961",7.54%,"1,662",4.23%,"7,473.63","4,840.78","2,641.91",518.1,22.6,50.98,"14,791.57",0.19
Jan-21,WMAS,"30,381",89.97%,62.29%,"9,075",18.61%,"3,711",7.61%,"2,178",4.47%,"10,599.72","6,353.21","3,593.35",496,26.63,54.68,"21,649.61",0.22
Jan-21,YAS,"10,483",76.59%,39.91%,"3,323",12.65%,839,3.19%,302,1.15%,"2,795.86","1,273.95",430.23,322.55,17.15,35.07,"7,507.44",0.11
Feb-21,EEAST,"22,381",94.68%,61.41%,"4,235",11.62%,948,2.60%,394,1.08%,"4,239.82","1,535.08",556.54,338.98,20.56,34.13,"12,488.75",0.12
Feb-21,EMAS,"20,660",100.00%,60.77%,"4,958",14.58%,"1,047",3.08%,484,1.42%,"11,100.46","3,067.43",878.54,420,21.31,38.06,"12,073.37",0.33
Feb-21,IOW,254,94.01%,24.14%,18,1.71%,2,0.19%,0,0.00%,24.09,2.7,0.16,67.4,12.83,18.71,224.92,0.02
Feb-21,LAS,"28,930",94.73%,63.88%,"6,083",13.43%,376,0.83%,376,0.83%,"4,963.43","1,129.94",195,249.27,20.08,30.67,"15,153.66",0.11
Feb-21,NEAS,"7,049",79.08%,52.29%,"1,231",9.13%,231,1.71%,61,0.45%,"1,164.78",674.95,261.95,217.97,18.02,55.2,"4,047.47",0.09
Feb-21,NWAS,"18,505",74.55%,52.83%,"3,060",8.74%,287,0.82%,106,0.30%,"2,818.54",656.82,147.71,236.25,17.81,29.11,"10,400.31",0.08
Feb-21,SCAS,"7,528",86.37%,36.56%,969,4.71%,118,0.57%,28,0.14%,965.08,223.1,48.2,227.12,15.1,22.12,"5,182.27",0.05
Feb-21,SECAmb,"15,615",92.84%,52.19%,"2,374",7.94%,321,1.07%,106,0.35%,"2,291.08",587.88,157.71,312.12,17.77,28.22,"8,859.33",0.08
Feb-21,SWAS,"13,644",100.00%,38.20%,"4,847",13.57%,"1,852",5.18%,"1,009",2.82%,"4,973.45","2,949.80","1,487.14",398.03,19.26,42.23,"11,463.50",0.14
Feb-21,WMAS,"22,883",91.51%,52.93%,"4,094",9.47%,"1,054",2.44%,454,1.05%,"4,240.24","1,603.17",611.05,270.73,19.09,32.21,"13,758.31",0.1
Feb-21,YAS,"9,096",73.50%,39.95%,"2,733",12.00%,540,2.37%,176,0.77%,"2,178.86",883.35,253.74,297.27,16.54,32.81,"6,278.98",0.1
Mar-21,EEAST,"24,344",94.75%,58.14%,"4,442",10.61%,"1,014",2.42%,432,1.03%,"4,506.15","1,659.73",635.22,385.38,19.9,33.73,"13,885.56",0.11
Mar-21,EMAS,"23,756",100.00%,60.40%,"5,545",14.10%,"1,139",2.90%,497,1.26%,"12,802.75","3,399.01",920.03,331.58,21.01,36.41,"13,774.65",0.33
Mar-21,IOW,179,97.01%,14.53%,10,0.81%,3,0.24%,1,0.08%,15.88,3.58,1.03,92.95,11.23,16.07,230.57,0.01
Mar-21,LAS,"31,554",93.09%,62.05%,"6,089",11.97%,301,0.59%,301,0.59%,"5,093.10","1,026.10",152.65,"1,459.70",19.43,29.33,"16,468.05",0.1
Mar-21,NEAS,0,83.91%,0.00%,0,0.00%,0,0.00%,0,0.00%,"1,139.82",598.23,151.42,126.82,0,51.97,0,0.07
Mar-21,NWAS,"20,420",72.62%,52.27%,"3,661",9.37%,425,1.09%,123,0.31%,"3,284.55",851.11,189.92,244.77,17.99,29.87,"11,711.01",0.08
Mar-21,SCAS,"7,481",87.65%,32.34%,873,3.77%,81,0.35%,15,0.06%,893.35,172.75,22.77,134.82,14.32,21.19,"5,519.04",0.04
Mar-21,SECAmb,"16,582",93.55%,48.30%,"2,297",6.69%,215,0.63%,52,0.15%,"2,232.81",477.31,78.94,184.62,16.95,26.25,"9,698.07",0.07
Mar-21,SWAS,"15,695",100.00%,37.31%,"5,138",12.22%,"1,811",4.31%,853,2.03%,"4,900.69","2,653.32","1,161.19",322.4,17.88,37.81,"12,534.70",0.12
Mar-21,WMAS,"23,387",91.14%,47.18%,"3,988",8.04%,916,1.85%,430,0.87%,"4,160.89","1,511.51",603.06,280.23,17.9,30.45,"14,790.64",0.08
Mar-21,YAS,"10,560",74.90%,39.46%,"3,201",11.96%,712,2.66%,210,0.78%,"2,564.23","1,060.53",286.53,229.75,16.53,32.69,"7,372.15",0.1
Apr-21,EEAST,"24,291",94.71%,58.07%,"4,548",10.87%,917,2.19%,319,0.76%,"4,381.90","1,499.33",465.5,278.18,19.68,33.3,"13,722.27",0.1
Apr-21,EMAS,"23,116",100.00%,59.73%,"5,545",14.33%,"1,087",2.81%,479,1.24%,"12,358.08","3,394.56",911.45,257.2,21.01,36.51,"13,552.15",0.32
Apr-21,IOW,168,96.88%,13.52%,9,0.72%,1,0.08%,1,0.08%,15.3,2.94,1.02,121.08,11.26,15.87,233.33,0.01
Apr-21,LAS,"30,372",91.62%,61.25%,"6,254",12.61%,314,0.63%,314,0.63%,"5,054.57","1,047.76",145.27,287.37,19.46,29.46,"16,086.68",0.1
Apr-21,NEAS,"8,064",82.04%,51.44%,"1,271",8.11%,147,0.94%,30,0.19%,"1,180.16",605.31,155.96,159.75,17.37,51.86,"4,539.47",0.08
Apr-21,NWAS,"21,569",76.90%,52.80%,"4,209",10.30%,501,1.23%,150,0.37%,"3,614.41",975.83,213.52,187.8,18.27,30.78,"12,440.74",0.09
Apr-21,SCAS,"7,698",88.33%,33.39%,"1,080",4.68%,216,0.94%,113,0.49%,"1,171.54",402.84,157.73,281.5,15.09,23.47,"5,799.64",0.05
Apr-21,SECAmb,"16,973",93.86%,48.25%,"2,250",6.40%,322,0.92%,89,0.25%,"2,284.54",575.83,128.58,199.15,16.97,26.45,"9,950.61",0.06
Apr-21,SWAS,"16,607",100.00%,38.48%,"5,796",13.43%,"2,252",5.22%,"1,168",2.71%,"5,912.87","3,459.58","1,691.99",426.6,19.19,41.62,"13,804.24",0.14
Apr-21,WMAS,"23,165",91.01%,46.22%,"4,185",8.35%,"1,016",2.03%,370,0.74%,"4,183.59","1,543.95",525.94,292.82,17.78,30.09,"14,849.38",0.08
Apr-21,YAS,"10,814",77.02%,39.58%,"3,242",11.87%,627,2.29%,206,0.75%,"2,587.28","1,055.48",307.48,265.53,16.45,32.46,"7,493.11",0.09
May-21,EEAST,"26,354",94.17%,60.42%,"5,757",13.20%,"1,456",3.34%,592,1.36%,"5,580.66","2,299.85",860.28,344.02,21.17,37.42,"15,390.38",0.13
May-21,EMAS,"25,169",100.00%,61.01%,"6,140",14.88%,"1,141",2.77%,500,1.21%,"13,610.84","3,717.31",939.9,332.47,21.22,36.85,"14,589.61",0.33
May-21,IOW,140,97.84%,10.32%,3,0.22%,0,0.00%,0,0.00%,9.41,0.27,0,36.95,10.57,14.97,238.77,0.01
May-21,LAS,"32,414",90.24%,61.21%,"7,360",13.90%,493,0.93%,493,0.93%,"5,822.70","1,444.32",261.16,330.88,19.89,30.89,"17,552.08",0.11
May-21,NEAS,"8,468",81.08%,51.98%,"1,534",9.42%,248,1.52%,69,0.42%,"1,373.33",797.07,275.07,186.78,17.95,53.33,"4,874.29",0.08
May-21,NWAS,"16,969",69.38%,51.90%,"2,505",7.66%,104,0.32%,13,0.04%,"2,310.85",368.12,26.33,166.18,17.14,27.51,"9,341.13",0.07
May-21,SCAS,"9,162",87.27%,35.95%,"1,711",6.71%,496,1.95%,225,0.88%,"1,755.75",750.37,292.26,250.75,16.27,27.22,"6,909.61",0.07
May-21,SECAmb,"17,823",92.12%,47.88%,"2,800",7.52%,426,1.14%,130,0.35%,"2,642.28",737.44,177.65,212.3,17.25,27.9,"10,703.89",0.07
May-21,SWAS,"18,335",100.00%,39.69%,"6,891",14.92%,"2,787",6.03%,"1,527",3.31%,"7,322.64","4,535.13","2,365.95",394.13,20.53,45.04,"15,805.25",0.16
May-21,WMAS,"25,639",90.88%,48.24%,"6,168",11.60%,"1,839",3.46%,862,1.62%,"6,028.29","2,839.07","1,159.47",266.58,19.64,36.87,"17,395.81",0.11
May-21,YAS,"12,279",77.32%,41.33%,"4,195",14.12%,"1,011",3.40%,330,1.11%,"3,357.02","1,530.53",471.52,279.95,17.6,35.88,"8,713.89",0.11
Jun-21,EEAST,"26,443",92.41%,63.30%,"7,492",17.93%,"2,372",5.68%,"1,123",2.69%,"7,322.59","3,698.17","1,627.24",357.47,24.12,45.53,"16,792.93",0.18
Jun-21,EMAS,"24,344",100.00%,62.54%,"6,745",17.33%,"1,559",4.01%,658,1.69%,"14,038.83","4,426.23","1,278.53",368.95,22.6,40.25,"14,659.02",0.36
Jun-21,IOW,177,96.79%,13.36%,25,1.89%,3,0.23%,2,0.15%,26.26,9.18,4.51,208.82,11.78,16.57,260.24,0.02
Jun-21,LAS,"32,170",89.70%,62.86%,"7,794",15.23%,730,1.43%,730,1.43%,"6,173.29","1,735.01",390.56,258.88,20.62,32.81,"17,584.37",0.12
Jun-21,NEAS,"8,351",78.99%,56.12%,"1,716",11.53%,312,2.10%,115,0.77%,"1,547.80",959.42,382.8,185.32,19.37,55.99,"4,804.33",0.1
Jun-21,NWAS,"22,266",77.68%,55.26%,"5,561",13.80%,"1,087",2.70%,427,1.06%,"4,820.94","1,853.50",636.28,419.03,20.22,36.48,"13,581.02",0.12
Jun-21,SCAS,"10,416",87.97%,41.59%,"2,518",10.05%,921,3.68%,434,1.73%,"2,587.53","1,319.55",578.32,260.9,18.63,33.65,"7,777.28",0.1
Jun-21,SECAmb,"18,544",91.95%,52.56%,"3,517",9.97%,675,1.91%,267,0.76%,"3,289.85","1,143.09",368.14,323.08,18.78,31.86,"11,040.66",0.09
Jun-21,SWAS,"18,913",100.00%,42.80%,"8,073",18.27%,"3,556",8.05%,"2,068",4.68%,"9,088.93","6,042.70","3,426.04",449,23.56,55.19,"17,350.53",0.21
Jun-21,WMAS,"27,986",90.13%,54.30%,"8,309",16.12%,"3,135",6.08%,"1,605",3.11%,"8,533.22","4,721.67","2,227.40",341.55,23.07,45.42,"19,819.15",0.17
Jun-21,YAS,"12,120",76.18%,43.15%,"4,602",16.38%,"1,169",4.16%,352,1.25%,"3,604.89","1,708.27",507.35,238.25,18.6,38.06,"8,709.24",0.13
Jul-21,EEAST,"27,690",91.09%,66.69%,"9,151",22.04%,"3,359",8.09%,"1,732",4.17%,"9,563.20","5,512.90","2,772.23",507.78,27.56,54.94,"19,070.14",0.23
Jul-21,EMAS,"25,747",100.00%,67.57%,"9,013",23.65%,"2,965",7.78%,"1,611",4.23%,"17,534.58","7,636.45","3,319.00",843,28.03,55.81,"17,800.36",0.46
Jul-21,IOW,153,97.56%,11.26%,16,1.18%,5,0.37%,2,0.15%,17.82,5.71,2.21,106.35,11.26,15.36,255.08,0.01
Jul-21,LAS,"32,009",88.89%,65.69%,"9,396",19.28%,"1,292",2.65%,"1,292",2.65%,"7,440.59","2,761.27",825.16,377.63,22.67,37.78,"18,414.88",0.15
Jul-21,NEAS,"8,535",75.17%,60.62%,"2,560",18.18%,688,4.89%,303,2.15%,"2,258.12","1,707.28",907.82,214.4,22.93,65.25,"5,380.71",0.16
Jul-21,NWAS,"23,711",75.01%,61.97%,"7,062",18.46%,"1,748",4.57%,758,1.98%,"6,298.30","2,896.20","1,164.54",534.58,23.28,44.57,"14,846.53",0.16
Jul-21,SCAS,"12,141",86.12%,48.19%,"3,367",13.36%,"1,309",5.20%,750,2.98%,"3,752.17","2,162.44","1,154.21",332.27,21.73,39.27,"9,126.44",0.15
Jul-21,SECAmb,"19,283",92.19%,56.69%,"4,357",12.81%,898,2.64%,320,0.94%,"3,897.02","1,498.18",481.01,350.85,20.2,35.29,"11,453.79",0.11
Jul-21,SWAS,"21,573",100.00%,50.62%,"11,371",26.68%,"5,883",13.81%,"3,873",9.09%,"15,637.61","11,790.36","7,742.51",649.02,33.8,81.24,"24,003.95",0.37
Jul-21,WMAS,"29,838",89.40%,59.91%,"11,028",22.14%,"5,081",10.20%,"3,041",6.11%,"13,362.15","8,884.06","5,232.48",498,29.51,64.67,"24,500.11",0.27
Jul-21,YAS,"14,589",76.75%,50.21%,"6,790",23.37%,"2,318",7.98%,"1,074",3.70%,"5,944.78","3,446.34","1,421.01",359.83,23.67,50.5,"11,461.39",0.2
Aug-21,EEAST,"26,747",89.90%,69.20%,"9,545",24.69%,"3,763",9.74%,"2,039",5.28%,"10,198.06","6,137.58","3,217.29",493.52,29.65,61.41,"19,104.16",0.26
Aug-21,EMAS,"25,008",100.00%,69.13%,"9,053",25.02%,"3,231",8.93%,"1,810",5.00%,"17,710.45","8,109.16","3,782.35",532.83,29.56,60.02,"17,823.05",0.49
Aug-21,IOW,242,96.95%,18.14%,27,2.02%,3,0.22%,1,0.07%,26.98,7.12,2.9,198.17,12.06,17.66,268.03,0.02
Aug-21,LAS,"31,327",89.52%,66.79%,"9,309",19.85%,"1,348",2.87%,"1,348",2.87%,"7,558.11","2,946.31",974.18,408.72,23.25,38.56,"18,177.71",0.16
Aug-21,NEAS,"8,401",77.72%,60.53%,"2,308",16.63%,625,4.50%,269,1.94%,"2,088.45","1,546.17",826.4,237.42,22.33,64.4,"5,165.50",0.15
Aug-21,NWAS,"23,422",76.37%,63.05%,"7,211",19.41%,"1,776",4.78%,791,2.13%,"6,426.76","3,003.83","1,220.38",456.67,23.86,45.08,"14,774.91",0.17
Aug-21,SCAS,"11,756",87.22%,48.62%,"2,986",12.35%,"1,067",4.41%,559,2.31%,"3,125.39","1,633.26",763.27,295.95,20.59,36.5,"8,298.60",0.13
Aug-21,SECAmb,"18,867",92.73%,57.10%,"4,215",12.76%,731,2.21%,194,0.59%,"3,559.05","1,214.66",283.82,283.3,19.8,33.71,"10,903.68",0.11
Aug-21,SWAS,"21,334",100.00%,52.35%,"10,952",26.88%,"5,661",13.89%,"3,606",8.85%,"14,715.19","10,933.33","7,038.85",660.28,33.64,81.58,"22,844.91",0.36
Aug-21,WMAS,"29,473",89.08%,61.92%,"11,336",23.82%,"5,601",11.77%,"3,665",7.70%,"15,227.72","10,724.27","6,882.77",699,32.74,75.2,"25,970.51",0.32
Aug-21,YAS,"14,151",74.94%,52.14%,"6,442",23.74%,"2,288",8.43%,"1,002",3.69%,"5,729.04","3,317.79","1,401.90",357.48,24.31,52.68,"10,995.27",0.21
Sep-21,EEAST,"25,434",86.88%,72.00%,"10,015",28.35%,"4,228",11.97%,"2,300",6.51%,"10,957.69","6,913.97","3,737.00",540.87,32.55,68.83,"19,163.81",0.31
Sep-21,EMAS,"24,438",99.99%,70.52%,"9,335",26.94%,"3,484",10.05%,"2,113",6.10%,"18,313.01","9,063.71","4,570.70",592,31.8,67.08,"18,368.17",0.53
Sep-21,IOW,216,96.55%,15.43%,21,1.50%,3,0.21%,1,0.07%,24.63,5.05,0.84,91.9,11.91,16.89,278.01,0.02
Sep-21,LAS,"30,679",89.16%,68.20%,"10,606",23.58%,"2,015",4.48%,"2,015",4.48%,"8,934.22","4,165.25","1,689.96",873.23,25.53,44.75,"19,143.88",0.2
Sep-21,NEAS,"8,062",74.59%,62.69%,"2,493",19.38%,828,6.44%,401,3.12%,"2,367.97","1,865.28","1,136.77",282.57,24.42,71.74,"5,234.00",0.18
Sep-21,NWAS,"22,374",76.06%,62.95%,"7,468",21.01%,"2,294",6.45%,"1,129",3.18%,"7,158.34","3,808.50","1,779.48",406.2,25.53,50.28,"15,122.93",0.2
Sep-21,SCAS,"12,150",86.28%,51.16%,"3,556",14.97%,"1,503",6.33%,939,3.95%,"4,583.96","2,934.61","1,813.58",439.83,24.54,45.58,"9,710.60",0.19
Sep-21,SECAmb,"18,749",92.22%,57.65%,"4,424",13.60%,918,2.82%,290,0.89%,"3,825.41","1,454.11",408.93,265.38,20.4,35.49,"11,055.21",0.12
Sep-21,SWAS,"21,193",100.00%,56.26%,"11,851",31.46%,"6,607",17.54%,"4,562",12.11%,"18,683.94","14,770.37","10,418.74",697.88,41.96,101.13,"26,346.69",0.5
Sep-21,WMAS,"30,614",88.62%,65.61%,"12,814",27.46%,"6,510",13.95%,"4,261",9.13%,"17,190.31","12,290.83","7,871.44",627,35.77,82.57,"27,820.89",0.37
Sep-21,YAS,"13,605",73.56%,54.54%,"6,526",26.16%,"2,378",9.53%,"1,112",4.46%,"5,933.87","3,573.03","1,585.79",311.27,26.11,57.07,"10,854.84",0.24
Oct-21,EEAST,"26,076",85.53%,74.67%,"11,023",31.56%,"4,869",13.94%,"2,840",8.13%,"12,522.44","8,237.48","4,654.03",550.2,35.57,77.19,"20,702.84",0.36
Oct-21,EMAS,"25,681",100.00%,70.31%,"10,025",27.45%,"3,902",10.68%,"2,447",6.70%,"20,055.10","10,343.42","5,433.17",572,32.92,69.84,"20,037.24",0.55
Oct-21,IOW,205,97.22%,15.04%,17,1.25%,2,0.15%,1,0.07%,22.5,3.91,1.19,105.43,11.51,16.72,261.39,0.02
Oct-21,LAS,"31,811",87.17%,69.13%,"11,748",25.53%,"2,507",5.45%,"2,507",5.45%,"9,949.51","4,850.75","2,017.77",498.88,26.65,47.66,"20,436.14",0.22
Oct-21,NEAS,"8,642",73.39%,65.68%,"2,764",21.01%,988,7.51%,463,3.52%,"2,730.70","2,179.79","1,413.30",279.67,25.91,74.55,"5,681.83",0.21
Oct-21,NWAS,"22,865",73.47%,66.71%,"8,696",25.37%,"2,979",8.69%,"1,538",4.49%,"8,647.37","5,048.07","2,550.67",568.53,28.75,58.24,"16,425.99",0.25
Oct-21,SCAS,"13,792",85.84%,55.87%,"4,828",19.56%,"2,172",8.80%,"1,406",5.70%,"6,485.95","4,470.49","2,892.78",549.2,28.87,55.4,"11,877.34",0.26
Oct-21,SECAmb,"20,227",91.73%,59.66%,"5,341",15.75%,"1,193",3.52%,377,1.11%,"4,523.66","1,858.88",541.94,346.45,21.46,38.53,"12,126.50",0.13
Oct-21,SWAS,"23,070",100.00%,60.42%,"13,954",36.55%,"7,961",20.85%,"5,495",14.39%,"22,349.98","17,891.36","12,669.02",702.33,47.62,114.79,"30,305.95",0.59
Oct-21,WMAS,"32,127",87.12%,68.06%,"14,876",31.51%,"8,062",17.08%,"5,482",11.61%,"21,792.48","16,397.72","11,103.39",798,41.46,100.18,"32,616.38",0.46
Oct-21,YAS,"14,898",71.42%,58.32%,"7,616",29.81%,"3,078",12.05%,"1,529",5.99%,"7,294.13","4,610.73","2,193.01",349.02,29.26,65.06,"12,458.99",0.29
Nov-21,EEAST,"24,601",85.02%,74.79%,"10,660",32.41%,"4,735",14.40%,"2,777",8.44%,"12,322.00","8,232.78","4,757.84",629.35,36.56,79.75,"20,042.89",0.37
Nov-21,EMAS,"24,167",100.00%,68.64%,"9,505",27.00%,"3,981",11.31%,"2,658",7.55%,"20,127.80","10,929.64","6,245.93",552,34.37,74.01,"20,166.06",0.57
Nov-21,IOW,301,97.70%,21.45%,49,3.49%,7,0.50%,1,0.07%,43.06,11.51,1.22,94.37,13.03,19.91,304.77,0.03
Nov-21,LAS,"31,828",87.76%,69.35%,"12,085",26.33%,"2,917",6.36%,"2,917",6.36%,"10,940.42","5,843.00","2,733.62",662.03,27.98,52.03,"21,403.63",0.24
Nov-21,NEAS,"8,485",78.39%,61.88%,"2,543",18.55%,724,5.28%,341,2.49%,"2,315.70","1,768.52",983.02,252.37,23.5,67.32,"5,370.93",0.17
Nov-21,NWAS,"24,137",76.48%,65.87%,"8,811",24.04%,"3,009",8.21%,"1,426",3.89%,"8,546.17","4,788.58","2,287.58",659.03,27.58,54.94,"16,842.42",0.23
Nov-21,SCAS,"13,294",85.75%,55.78%,"4,208",17.66%,"1,650",6.92%,926,3.89%,"4,671.93","2,793.39","1,514.66",387.15,24.92,46.12,"9,897.29",0.2
Nov-21,SECAmb,"19,273",89.48%,60.47%,"5,033",15.79%,"1,090",3.42%,399,1.25%,"4,410.25","1,842.38",627.35,340.1,21.76,39.28,"11,558.95",0.14
Nov-21,SWAS,"22,037",100.00%,60.34%,"13,352",36.56%,"7,722",21.14%,"5,371",14.71%,"21,735.75","17,494.35","12,487.63",714.82,48.17,116.91,"29,324.51",0.6
Nov-21,WMAS,"30,615",87.32%,68.52%,"13,133",29.39%,"6,723",15.05%,"4,496",10.06%,"18,907.45","13,917.66","9,377.75",840,39.2,90.86,"29,190.70",0.42
Nov-21,YAS,"14,688",71.46%,58.87%,"7,575",30.36%,"3,004",12.04%,"1,449",5.81%,"7,161.53","4,500.46","2,092.44",402.2,29.41,64.85,"12,230.44",0.29
Dec-21,EEAST,"24,935",83.29%,75.07%,"10,433",31.41%,"4,476",13.48%,"2,683",8.08%,"12,000.58","7,908.32","4,582.59",720,35.76,76.05,"19,798.04",0.36
Dec-21,EMAS,"24,178",100.00%,68.31%,"9,153",25.86%,"3,419",9.66%,"2,185",6.17%,"19,008.55","9,705.43","5,225.63",549,32.14,68.46,"18,958.22",0.54
Dec-21,IOW,271,98.45%,19.41%,46,3.30%,6,0.43%,2,0.14%,39.79,12.9,2.73,146.22,12.74,19.22,296.49,0.03
Dec-21,LAS,"32,103",87.38%,71.32%,"12,857",28.56%,"3,351",7.44%,"3,351",7.44%,"11,962.54","6,672.66","3,290.16",791.15,29.72,55.4,"22,294.81",0.27
Dec-21,NEAS,"8,647",76.97%,63.16%,"2,709",19.79%,831,6.07%,351,2.56%,"2,480.91","1,927.22","1,115.33",269.17,24.31,65.83,"5,547.39",0.18
Dec-21,NWAS,"24,652",78.08%,67.23%,"8,936",24.37%,"2,967",8.09%,"1,486",4.05%,"8,811.91","4,996.24","2,471.16",516.53,28.08,55.8,"17,160.59",0.24
Dec-21,SCAS,"12,986",85.44%,54.43%,"3,867",16.21%,"1,716",7.19%,"1,062",4.45%,"5,116.10","3,352.15","2,110.87",570.75,25.94,49.02,"10,316.73",0.21
Dec-21,SECAmb,"20,004",92.09%,60.20%,"4,992",15.02%,936,2.82%,318,0.96%,"4,213.05","1,601.00",455.53,320.18,21.08,36.76,"11,674.49",0.13
Dec-21,SWAS,"21,705",100.00%,60.05%,"13,051",36.11%,"7,588",20.99%,"5,234",14.48%,"22,276.50","18,109.79","13,185.71","1,203.80",49.46,117.15,"29,795.49",0.62
Dec-21,WMAS,"30,899",88.38%,68.87%,"12,511",27.89%,"6,247",13.92%,"4,309",9.60%,"18,913.54","13,978.21","9,734.41",990,39.12,90.85,"29,250.36",0.42
Dec-21,YAS,"14,814",73.97%,57.87%,"7,091",27.70%,"2,749",10.74%,"1,417",5.54%,"6,888.66","4,303.89","2,092.77",460.15,28.41,61.49,"12,122.01",0.27
Jan-22,EEAST,"25,006",84.38%,73.67%,"10,500",30.93%,"4,641",13.67%,"2,842",8.37%,"12,362.23","8,259.58","4,850.48",574.38,35.89,78.41,"20,306.53",0.36
Jan-22,EMAS,"23,888",100.00%,67.02%,"8,961",25.14%,"3,716",10.43%,"2,443",6.85%,"19,207.14","9,972.91","5,580.90",554,32.69,70.3,"19,419.99",0.54
Jan-22,IOW,189,97.70%,14.82%,17,1.33%,1,0.08%,0,0.00%,17.05,1.67,0.04,62.2,11.31,16.27,240.25,0.01
Jan-22,LAS,"32,137",88.01%,70.52%,"12,501",27.43%,"3,066",6.73%,"3,066",6.73%,"11,066.13","5,874.27","2,679.28",460.62,28.33,51.64,"21,515.60",0.24
Jan-22,NEAS,"8,659",80.07%,61.19%,"2,495",17.63%,701,4.95%,306,2.16%,"2,284.23","1,717.53",957.2,291.07,22.97,60.62,"5,417.20",0.16
Jan-22,NWAS,"21,686",70.93%,65.66%,"7,990",24.19%,"2,601",7.88%,"1,397",4.23%,"7,902.18","4,517.17","2,287.89",565.57,27.92,56.84,"15,368.70",0.24
Jan-22,SCAS,"12,364",86.31%,51.72%,"3,561",14.90%,"1,344",5.62%,775,3.24%,"4,152.89","2,484.69","1,405.87",443.8,23.4,44.75,"9,324.54",0.17
Jan-22,SECAmb,"19,372",91.57%,56.61%,"4,418",12.91%,863,2.52%,357,1.04%,"3,989.98","1,560.86",541.36,420.45,20.29,35.56,"11,571.41",0.12
Jan-22,SWAS,"21,936",100.00%,60.83%,"13,753",38.14%,"8,686",24.09%,"6,460",17.91%,"27,410.96","23,128.45","17,731.02","1,262.53",58.11,141.78,"34,922.95",0.76
Jan-22,WMAS,"29,929",87.84%,68.18%,"12,527",28.54%,"6,391",14.56%,"4,392",10.00%,"19,024.17","14,193.06","9,897.53",972,39.79,92.24,"29,114.93",0.43
Jan-22,YAS,"14,327",75.05%,56.10%,"6,636",25.98%,"2,485",9.73%,"1,235",4.84%,"6,263.37","3,814.57","1,776.05",379.4,26.85,57.3,"11,427.24",0.25
Feb-22,EEAST,"21,913",81.06%,75.79%,"10,041",34.73%,"4,691",16.22%,"2,943",10.18%,"12,367.18","8,643.23","5,302.99",676.83,39.78,87.44,"19,168.74",0.43
Feb-22,EMAS,"21,876",100.00%,68.66%,"8,653",27.16%,"3,682",11.56%,"2,414",7.58%,"18,665.56","10,276.40","5,974.50",656,35.2,77.4,"18,692.76",0.59
Feb-22,IOW,203,97.50%,16.82%,22,1.82%,2,0.17%,1,0.08%,25.3,6.3,1.45,128.4,12.15,17.56,244.48,0.02
Feb-22,LAS,"29,357",88.06%,70.48%,"11,458",27.51%,"2,885",6.93%,"2,885",6.93%,"10,183.54","5,397.15","2,413.01",653.62,28.41,52.21,"19,718.91",0.24
Feb-22,NEAS,"8,365",82.38%,59.45%,"2,348",16.69%,641,4.56%,268,1.90%,"2,114.27","1,573.15",842.91,250.75,22.26,58.09,"5,220.75",0.15
Feb-22,NWAS,"22,007",77.88%,63.51%,"7,866",22.70%,"2,420",6.98%,"1,142",3.30%,"7,273.97","3,895.49","1,734.99",371.93,26.02,51.62,"15,028.26",0.21
Feb-22,SCAS,"11,504",84.46%,54.38%,"3,855",18.22%,"1,455",6.88%,814,3.85%,"4,228.22","2,569.98","1,402.22",535.27,25.05,46.74,"8,833.80",0.2
Feb-22,SECAmb,"17,769",92.79%,59.10%,"4,112",13.68%,813,2.70%,269,0.89%,"3,577.28","1,329.87",375.1,258.32,20.57,35.81,"10,307.62",0.12
Feb-22,SWAS,"19,458",100.00%,63.73%,"12,935",42.37%,"8,736",28.61%,"6,850",22.44%,"30,829.20","26,913.84","21,675.48","1,380.38",73.26,176.86,"37,277.18",1.01
Feb-22,WMAS,"28,451",87.70%,68.38%,"12,226",29.38%,"6,141",14.76%,"4,286",10.30%,"18,675.35","14,027.72","9,838.99","1,020.00",40.71,96.99,"28,230.49",0.45
Feb-22,YAS,"13,260",73.58%,56.37%,"6,324",26.88%,"2,462",10.47%,"1,199",5.10%,"6,020.99","3,709.22","1,739.49",405.72,27.55,58.37,"10,799.23",0.26
Mar-22,EEAST,"23,114",78.23%,79.71%,"12,047",41.55%,"6,168",21.27%,"4,118",14.20%,"16,302.76","12,114.61","7,911.17",647.73,47.98,108.66,"23,185.75",0.56
Mar-22,EMAS,"25,180",100.00%,72.42%,"11,066",31.83%,"5,082",14.62%,"3,530",10.15%,"24,437.80","15,073.46","9,558.91",750,41.88,93.47,"24,267.63",0.7
Mar-22,IOW,318,97.06%,23.49%,52,3.84%,4,0.30%,2,0.15%,46.31,13.04,3.22,185.55,13.55,20.34,305.7,0.03
Mar-22,LAS,"31,775",85.77%,71.93%,"13,613",30.82%,"3,887",8.80%,"2,102",4.76%,"12,622.06","7,261.68","3,499.23",479.62,30.91,59.02,"22,756.17",0.29
Mar-22,NEAS,"8,552",80.52%,57.04%,"2,439",16.27%,645,4.30%,255,1.70%,"2,153.38","1,602.91",840.1,242.08,21.74,56.46,"5,433.53",0.14
Mar-22,NWAS,"23,744",75.12%,67.28%,"10,085",28.58%,"3,732",10.57%,"2,012",5.70%,"10,268.24","6,358.36","3,330.85",602.05,31.08,65.68,"18,280.36",0.29
Mar-22,SCAS,"12,542",83.57%,57.42%,"4,804",21.99%,"2,194",10.04%,"1,408",6.45%,"6,454.22","4,539.26","2,970.59",605.22,30.93,60.18,"11,259.99",0.3
Mar-22,SECAmb,"20,665",92.24%,63.16%,"5,846",17.87%,"1,371",4.19%,520,1.59%,"5,063.64","2,221.65",761.86,327.4,22.88,41.37,"12,477.07",0.15
Mar-22,SWAS,"21,084",100.00%,69.22%,"14,944",49.06%,"10,581",34.74%,"8,496",27.89%,"42,177.64","37,798.81","31,561.41","1,394.05",96.08,233.35,"48,775.34",1.38
Mar-22,WMAS,"31,904",86.39%,72.05%,"15,060",34.01%,"8,113",18.32%,"5,823",13.15%,"24,506.61","19,045.69","13,714.00","1,180.00",47.13,114.49,"34,778.76",0.55
Mar-22,YAS,"14,611",73.12%,59.95%,"7,529",30.89%,"3,248",13.33%,"1,826",7.49%,"7,857.92","5,230.62","2,755.29",627.05,31.74,69.87,"12,895.29",0.32
Apr-22,EEAST,"22,654",80.22%,79.21%,"10,976",38.38%,"5,314",18.58%,"3,477",12.16%,"14,272.14","10,297.33","6,590.16",704.72,44.18,100.35,"21,058.85",0.5
Apr-22,EMAS,"23,668",100.00%,73.25%,"10,526",32.58%,"5,076",15.71%,"3,524",10.91%,"23,285.73","14,449.68","9,157.02",712,42.81,97.26,"23,052.70",0.72
Apr-22,IOW,340,97.40%,25.24%,56,4.16%,4,0.30%,1,0.07%,47.91,13,3.07,227.78,14.03,20.42,315.05,0.04
Apr-22,LAS,"30,587",86.32%,70.99%,"12,166",28.24%,"3,103",7.20%,"1,741",4.04%,"11,086.54","6,107.13","2,922.08",537.8,29.17,54.39,"20,947.71",0.26
Apr-22,NEAS,"7,898",78.80%,57.57%,"2,472",18.02%,764,5.57%,334,2.43%,"2,268.39","1,787.84","1,041.35",286.83,23.04,63.9,"5,268.24",0.17
Apr-22,NWAS,"23,056",74.81%,68.49%,"9,629",28.60%,"3,483",10.35%,"1,838",5.46%,"9,716.71","5,912.79","3,069.11",878.08,31.03,64.79,"17,409.11",0.29
Apr-22,SCAS,"11,306",85.57%,52.95%,"3,430",16.06%,"1,293",6.06%,729,3.41%,"3,895.11","2,331.73","1,313.20",643.87,23.99,43.49,"8,537.71",0.18
Apr-22,SECAmb,"19,753",92.83%,62.35%,"5,464",17.25%,"1,189",3.75%,453,1.43%,"4,681.01","1,970.56",635.11,308.3,22.43,40.19,"11,841.85",0.15
Apr-22,SWAS,"20,998",100.00%,68.95%,"14,616",47.99%,"10,130",33.26%,"8,036",26.39%,"39,163.32","34,832.81","28,811.13","1,421.70",90.18,214.21,"45,774.61",1.29
Apr-22,WMAS,"31,031",86.35%,72.16%,"15,220",35.39%,"8,240",19.16%,"5,859",13.62%,"25,500.10","20,086.53","14,660.27","1,075.00",49.5,119.6,"35,479.28",0.59
Apr-22,YAS,"13,711",71.98%,60.25%,"6,822",29.98%,"2,798",12.30%,"1,550",6.81%,"7,144.13","4,704.70","2,515.39",567.63,31.3,67.33,"11,871.20",0.31
May-22,EEAST,"23,832",82.03%,77.09%,"10,698",34.61%,"4,790",15.50%,"2,986",9.66%,"13,158.14","9,124.77","5,636.61",538.53,39.73,88.86,"20,467.31",0.43
May-22,EMAS,"24,593",100.00%,71.49%,"9,997",29.06%,"4,008",11.65%,"2,606",7.58%,"20,996.25","11,420.62","6,438.04",672,35.79,76.93,"20,522.43",0.61
May-22,IOW,263,98.33%,17.88%,28,1.90%,0,0.00%,0,0.00%,25.87,3.85,0,54.83,12.43,17.75,304.67,0.02
May-22,LAS,"31,548",86.83%,70.17%,"11,739",26.11%,"2,596",5.77%,"1,364",3.03%,"10,032.05","5,017.90","2,128.25",462.5,27.09,48.38,"20,297.03",0.22
May-22,NEAS,"8,312",80.01%,55.78%,"2,415",16.21%,585,3.93%,196,1.32%,"2,058.45","1,536.09",742.03,246.35,21.38,58.65,"5,309.63",0.14
May-22,NWAS,"22,933",73.19%,64.64%,"8,412",23.71%,"2,468",6.96%,"1,207",3.40%,"7,707.35","4,120.38","1,856.98",412,26.54,53.01,"15,691.92",0.22
May-22,SCAS,"12,286",86.05%,51.59%,"3,572",15.00%,"1,264",5.31%,753,3.16%,"4,163.13","2,488.71","1,454.38",470.67,23.41,42.22,"9,292.28",0.17
May-22,SECAmb,"20,679",93.37%,60.45%,"5,346",15.63%,898,2.62%,284,0.83%,"4,356.41","1,587.96",403.37,227.53,21.12,36.47,"12,040.04",0.13
May-22,SWAS,"22,053",100.00%,64.19%,"14,226",41.41%,"9,077",26.42%,"6,897",20.08%,"32,652.16","28,280.31","22,696.92","1,398.80",69.73,167.31,"39,926.54",0.95
May-22,WMAS,"32,942",88.70%,70.17%,"14,878",31.69%,"7,352",15.66%,"4,996",10.64%,"21,349.68","15,814.06","10,749.50","1,027.00",41.12,94.96,"32,174.42",0.45
May-22,YAS,"14,753",73.07%,59.10%,"7,261",29.09%,"2,976",11.92%,"1,640",6.57%,"7,240.06","4,641.42","2,348.04",451.47,29.84,62.62,"12,414.52",0.29
Jun-22,EEAST,"23,181",81.17%,79.23%,"11,255",38.47%,"5,290",18.08%,"3,443",11.77%,"14,368.91","10,291.72","6,506.27",612.1,43.72,98.18,"21,322.33",0.49
Jun-22,EMAS,"24,149",100.00%,74.55%,"10,940",33.77%,"4,745",14.65%,"3,204",9.89%,"23,403.33","14,223.38","8,701.85",739,42.2,95.1,"22,780.76",0.72
Jun-22,IOW,292,97.57%,20.24%,23,1.59%,1,0.07%,0,0.00%,26.87,3.59,0.43,85.73,12.55,18.06,301.76,0.02
Jun-22,LAS,"29,086",86.10%,70.79%,"11,755",28.61%,"3,140",7.64%,"1,676",4.08%,"10,717.82","5,957.23","2,794.70",529.83,29.35,54.15,"20,098.38",0.26
Jun-22,NEAS,"8,174",77.92%,57.84%,"2,695",19.07%,818,5.79%,368,2.60%,"2,464.24","1,972.98","1,148.29",295.62,23.61,66.01,"5,560.12",0.17
Jun-22,NWAS,"20,782",70.87%,65.17%,"7,751",24.31%,"2,563",8.04%,"1,355",4.25%,"7,725.36","4,472.83","2,270.27",556.95,28.06,56.94,"14,912.14",0.24
Jun-22,SCAS,"12,048",82.40%,56.73%,"4,135",19.47%,"1,677",7.90%,964,4.54%,"5,001.22","3,256.21","1,981.76",498.17,27.3,50.48,"9,663.81",0.24
Jun-22,SECAmb,"19,948",93.07%,62.24%,"5,267",16.43%,862,2.69%,249,0.78%,"4,208.11","1,509.37",337.65,216.28,21.43,36.66,"11,449.26",0.13
Jun-22,SWAS,"22,328",100.00%,67.30%,"14,858",44.79%,"9,513",28.68%,"7,211",21.74%,"34,308.42","29,799.20","23,953.09","1,395.03",74.99,176.22,"41,462.63",1.03
Jun-22,WMAS,"31,645",87.02%,71.48%,"16,080",36.32%,"9,147",20.66%,"6,623",14.96%,"28,280.23","22,711.90","16,802.59","1,344.00",52.22,126.17,"38,530.53",0.64
Jun-22,YAS,"13,830",72.74%,58.84%,"6,999",29.78%,"2,978",12.67%,"1,622",6.90%,"7,253.74","4,783.69","2,516.13",576.05,30.91,64.82,"12,110.21",0.31
Jul-22,EEAST,"22,327",78.54%,81.94%,"12,193",44.75%,"6,756",24.79%,"4,753",17.44%,"18,454.88","14,317.03","9,883.21",644.1,54.97,127.75,"24,962.53",0.68
Jul-22,EMAS,"23,829",100.00%,76.04%,"10,945",34.92%,"4,638",14.80%,"3,170",10.12%,"23,099.46","13,684.55","8,036.85","1,055.00",41.74,91.47,"21,799.43",0.74
Jul-22,IOW,369,97.81%,24.28%,47,3.09%,2,0.13%,0,0.00%,39.99,6.56,0.47,84.38,13.39,19.87,339.21,0.03
Jul-22,LAS,"30,695",86.16%,73.76%,"13,454",32.33%,"4,228",10.16%,"2,419",5.81%,"13,053.01","7,838.09","4,007.87",500.15,32.65,63.18,"22,647.90",0.31
Jul-22,NEAS,"8,083",73.04%,61.21%,"2,740",20.75%,851,6.44%,385,2.92%,"2,516.30","2,034.73","1,210.67",284.28,24.73,68.86,"5,442.54",0.19
Jul-22,NWAS,"21,612",69.65%,68.70%,"9,431",29.98%,"3,507",11.15%,"1,870",5.94%,"9,502.44","5,884.73","3,040.71",485.72,31.81,66.55,"16,677.89",0.3
Jul-22,SCAS,"13,271",82.92%,61.76%,"4,918",22.89%,"2,010",9.35%,"1,158",5.39%,"5,698.45","3,683.63","2,156.36",761.3,29.32,54.66,"10,500.15",0.27
Jul-22,SECAmb,"20,693",93.31%,65.06%,"6,033",18.97%,"1,133",3.56%,356,1.12%,"4,844.59","1,915.53",493.43,211.27,22.82,39.95,"12,094.09",0.15
Jul-22,SWAS,"23,112",100.00%,70.33%,"15,751",47.93%,"10,149",30.89%,"7,582",23.07%,"36,274.38","31,554.32","25,311.61","1,435.75",79.39,190.22,"43,476.96",1.1
Jul-22,WMAS,"32,437",85.73%,74.63%,"17,131",39.41%,"9,732",22.39%,"7,096",16.33%,"31,455.09","25,601.81","19,337.31","1,341.00",57.44,140.59,"41,609.17",0.72
Jul-22,YAS,"13,822",70.94%,58.94%,"7,063",30.12%,"3,083",13.15%,"1,739",7.42%,"7,465.17","4,993.96","2,670.97",542.92,31.53,66.87,"12,322.42",0.32
Aug-22,EEAST,"22,651",80.89%,79.72%,"11,456",40.32%,"5,813",20.46%,"3,922",13.80%,"16,308.32","12,276.89","8,314.45",698.73,48.71,108.29,"23,067.10",0.57
Aug-22,EMAS,"23,231",100.00%,73.18%,"10,011",31.54%,"4,183",13.18%,"2,680",8.44%,"20,725.98","11,595.43","6,409.17",726,37.48,80.58,"19,828.70",0.65
Aug-22,IOW,365,97.52%,25.12%,33,2.27%,2,0.14%,1,0.07%,37.42,5.11,0.78,93.33,13.21,19.77,319.95,0.03
Aug-22,LAS,"29,784",87.56%,71.53%,"12,061",28.96%,"3,272",7.86%,"1,825",4.38%,"11,015.06","6,129.27","2,921.17",434.37,29.64,55.66,"20,568.53",0.26
Aug-22,NEAS,"8,590",76.66%,62.41%,"2,952",21.45%,909,6.60%,411,2.99%,"2,692.53","2,163.60","1,283.62",269.73,25.14,68.13,"5,766.76",0.2
Aug-22,NWAS,"21,782",70.42%,69.65%,"9,442",30.19%,"3,400",10.87%,"1,815",5.80%,"9,515.87","5,883.51","3,069.40",579.58,31.99,67.68,"16,672.30",0.3
Aug-22,SCAS,"12,404",84.24%,58.43%,"4,016",18.92%,"1,527",7.19%,888,4.18%,"4,817.53","3,045.55","1,854.15",573.07,26.9,48.65,"9,515.99",0.23
Aug-22,SECAmb,"19,984",93.41%,63.99%,"5,598",17.92%,"1,064",3.41%,256,0.82%,"4,472.92","1,723.90",402.53,269.95,22.23,38.3,"11,572.98",0.14
Aug-22,SWAS,"23,196",100.00%,71.20%,"15,540",47.70%,"9,658",29.65%,"7,141",21.92%,"33,817.53","29,090.46","23,051.40","1,414.65",75.53,176.98,"41,009.26",1.04
Aug-22,WMAS,"32,553",87.54%,74.49%,"16,432",37.60%,"8,834",20.22%,"6,261",14.33%,"27,524.65","21,762.00","15,923.95","1,218.00",51.83,123.71,"37,746.93",0.63
Aug-22,YAS,"13,642",70.42%,59.60%,"6,887",30.09%,"2,902",12.68%,"1,573",6.87%,"7,088.96","4,659.80","2,434.53",557.8,31.03,64.52,"11,838.00",0.31
Sep-22,EEAST,"21,373",79.59%,79.16%,"11,459",42.44%,"6,288",23.29%,"4,394",16.27%,"17,788.74","13,890.66","9,760.22",716.88,53.77,123.17,"24,193.64",0.66
Sep-22,EMAS,"23,756",100.00%,74.01%,"10,565",32.91%,"4,664",14.53%,"3,075",9.58%,"20,814.87","12,586.42","7,461.09",771,40.06,88.42,"21,431.28",0.65
Sep-22,IOW,360,96.08%,26.22%,39,2.84%,0,0.00%,0,0.00%,34.27,3.61,0,48.28,13.36,19.51,305.71,0.02
Sep-22,LAS,"28,619",85.92%,70.62%,"11,859",29.26%,"3,388",8.36%,"1,856",4.58%,"10,907.47","6,173.18","2,946.79",546.57,29.82,56.37,"20,142.37",0.27
Sep-22,NEAS,"8,549",74.92%,62.84%,"3,162",23.24%,"1,045",7.68%,482,3.54%,"2,874.33","2,381.36","1,457.50",276.73,26.08,70.62,"5,912.57",0.21
Sep-22,NWAS,"21,782",70.76%,70.97%,"9,886",32.21%,"3,984",12.98%,"2,265",7.38%,"10,569.37","6,856.27","3,774.04",600.18,34.45,73.63,"17,621.61",0.34
Sep-22,SCAS,"11,894",83.93%,58.28%,"4,264",20.89%,"1,865",9.14%,"1,179",5.78%,"5,601.41","3,830.04","2,460.84",765.85,29.73,55.63,"10,113.86",0.27
Sep-22,SECAmb,"19,520",93.29%,63.68%,"5,671",18.50%,"1,179",3.85%,300,0.98%,"4,596.94","1,846.61",447.84,234.18,22.6,39,"11,547.49",0.15
Sep-22,SWAS,"23,051",100.00%,72.03%,"15,616",48.80%,"10,000",31.25%,"7,583",23.70%,"37,253.27","32,546.44","26,383.57","1,772.60",83.13,199.45,"44,339.90",1.16
Sep-22,WMAS,"31,012",87.34%,73.42%,"15,771",37.34%,"8,766",20.75%,"6,223",14.73%,"27,365.92","21,875.53","16,186.45","1,119.00",52.84,125.8,"37,203.40",0.65
Sep-22,YAS,"13,052",67.34%,61.18%,"7,126",33.40%,"3,394",15.91%,"2,027",9.50%,"8,234.28","5,823.58","3,403.34","1,139.93",35.69,75.79,"12,691.03",0.39
Oct-22,EEAST,"20,742",75.51%,83.02%,"12,966",51.90%,"7,894",31.60%,"5,855",23.43%,"24,192.09","20,112.07","15,184.77",718.1,72.44,0,"30,165.06",0.97
Oct-22,EMAS,"24,702",100.00%,75.19%,"12,138",36.95%,"5,632",17.14%,"3,810",11.60%,"22,868.81","15,173.49","9,528.46",713,44.71,103.43,"24,477.86",0.7
Oct-22,IOW,370,97.31%,26.26%,55,3.90%,3,0.21%,2,0.14%,48.02,10.69,1.61,102.13,14,20.62,328.72,0.03
Oct-22,LAS,"28,554",84.98%,68.02%,"13,557",32.29%,"5,469",13.03%,"3,178",7.57%,"14,754.32","9,796.68","5,504.37",592.1,34.21,73.79,"23,937.29",0.35
Oct-22,NEAS,"8,292",68.46%,68.80%,"3,491",28.97%,"1,360",11.28%,684,5.68%,"3,429.37","2,972.44","2,014.76",281.5,30.66,91.11,"6,158.46",0.28
Oct-22,NWAS,"22,315",68.40%,74.35%,"11,493",38.29%,"5,091",16.96%,"3,005",10.01%,"13,277.35","9,245.51","5,471.62",621.52,40.46,87.92,"20,240.11",0.44
Oct-22,SCAS,"12,913",83.36%,59.12%,"4,445",20.35%,"1,659",7.60%,953,4.36%,"5,413.36","3,505.56","2,177.48",812.3,28.12,52.67,"10,236.97",0.25
Oct-22,SECAmb,"20,409",91.00%,65.42%,"6,416",20.57%,"1,444",4.63%,466,1.49%,"5,275.52","2,320.83",700.89,424,23.83,42.4,"12,388.36",0.17
Oct-22,SWAS,"25,061",100.00%,75.43%,"17,772",53.49%,"11,478",34.55%,"8,681",26.13%,"41,343.67","36,089.39","29,033.85","2,138.52",88.16,214.49,"48,817.40",1.24
Oct-22,WMAS,"30,761",87.11%,74.70%,"15,630",37.95%,"8,537",20.73%,"6,342",15.40%,"29,126.54","23,650.59","18,050.75","1,510.00",56.48,134.45,"38,762.75",0.71
Oct-22,YAS,"13,938",68.36%,62.31%,"7,675",34.31%,"3,518",15.73%,"2,087",9.33%,"8,794.00","6,200.60","3,605.75",621.22,36.14,76.42,"13,471.92",0.39
Nov-22,EEAST,"22,638",80.33%,79.40%,"13,261",46.51%,"7,657",26.85%,"5,548",19.46%,"21,812.60","17,487.40","12,539.22",717.05,60.11,140.48,"28,565.31",0.77
Nov-22,EMAS,"24,332",100.00%,73.37%,"10,322",31.12%,"4,113",12.40%,"2,698",8.14%,"18,922.37","11,293.01","6,694.06","1,645.00",37.71,82.3,"20,843.91",0.57
Nov-22,IOW,368,97.11%,26.72%,34,2.47%,1,0.07%,0,0.00%,37.53,4.63,0.5,89.73,13.48,19.9,309.27,0.03
Nov-22,LAS,"28,427",82.43%,66.57%,"13,585",31.81%,"5,574",13.05%,"3,322",7.78%,"15,478.90","10,572.21","6,233.76",844.53,34.79,75.33,"24,762.33",0.36
Nov-22,NEAS,"8,143",71.31%,65.68%,"3,176",25.62%,"1,243",10.03%,662,5.34%,"3,195.80","2,720.71","1,875.78",271.27,28.96,85.14,"5,983.92",0.26
Nov-22,NWAS,"22,849",72.69%,72.27%,"11,086",35.07%,"4,701",14.87%,"2,705",8.56%,"12,392.94","8,375.19","4,821.24",619.97,37.36,79.36,"19,687.54",0.39
Nov-22,SCAS,"12,396",82.79%,56.75%,"4,138",18.94%,"1,400",6.41%,713,3.26%,"4,496.57","2,702.64","1,509.45",683.72,25.48,48.48,"9,276.84",0.21
Nov-22,SECAmb,"19,940",90.41%,64.61%,"5,553",17.99%,790,2.56%,148,0.48%,"4,214.78","1,441.84",228.2,223.63,21.82,36.07,"11,225.38",0.14
Nov-22,SWAS,"25,144",100.00%,72.73%,"16,592",47.99%,"9,452",27.34%,"6,625",19.16%,"30,806.60","25,697.59","19,492.48","2,338.28",66.79,161.92,"38,486.89",0.89
Nov-22,WMAS,"31,088",89.44%,73.08%,"14,838",34.88%,"7,529",17.70%,"5,205",12.24%,"23,445.68","18,060.06","12,958.87","1,540.00",47.04,107.97,"33,352.19",0.55
Nov-22,YAS,"14,390",70.24%,61.66%,"7,721",33.08%,"3,386",14.51%,"1,915",8.21%,"8,614.98","5,981.29","3,446.09",778.58,34.66,74.64,"13,481.26",0.37
Dec-22,EEAST,"21,632",76.11%,84.50%,"14,556",56.86%,"9,414",36.77%,"7,137",27.88%,"29,052.10","24,631.71","18,885.16",719.43,82.47,198.83,"35,188.38",1.13
Dec-22,EMAS,"24,910",100.00%,79.96%,"13,946",44.76%,"7,638",24.52%,"5,640",18.10%,"31,775.88","24,289.62","17,765.90","1,141.00",64.66,153.95,"33,575.47",1.02
Dec-22,IOW,526,96.83%,35.18%,94,6.29%,4,0.27%,2,0.13%,75.53,16.38,2.48,136.82,15.4,24.16,383.79,0.05
Dec-22,LAS,"30,878",82.49%,71.10%,"17,343",39.94%,"8,958",20.63%,"6,144",14.15%,"29,923.32","24,150.72","18,011.86","1,451.93",54.62,134.13,"39,536.01",0.69
Dec-22,NEAS,"7,370",60.92%,72.84%,"3,685",36.42%,"1,906",18.84%,"1,256",12.41%,"4,875.21","4,521.41","3,728.27",444.4,42.66,135.76,"7,193.86",0.48
Dec-22,NWAS,"24,264",71.39%,79.11%,"13,728",44.76%,"6,745",21.99%,"4,201",13.70%,"17,579.81","12,985.69","8,263.12","1,015.75",48.56,105.84,"24,823.46",0.57
Dec-22,SCAS,"13,643",79.29%,65.01%,"5,831",27.79%,"2,643",12.59%,"1,676",7.99%,"7,990.42","5,761.35","3,844.51",828.37,36.39,71.34,"12,727.41",0.38
Dec-22,SECAmb,"22,237",92.02%,71.31%,"7,916",25.39%,"1,770",5.68%,539,1.73%,"6,292.98","2,857.55",813.02,309.27,26.06,45.77,"13,543.33",0.2
Dec-22,SWAS,"24,791",100.00%,81.38%,"19,253",63.20%,"13,679",44.90%,"11,090",36.40%,"62,471.89","57,018.89","48,968.64","2,447.67",136.9,342.94,"69,508.03",2.05
Dec-22,WMAS,"31,206",86.23%,79.45%,"18,121",46.13%,"10,888",27.72%,"8,094",20.61%,"35,761.15","29,843.47","22,995.25","1,712.00",68.87,170.08,"45,086.24",0.91
Dec-22,YAS,"15,781",85.56%,56.38%,"9,319",33.30%,"5,189",18.54%,"3,516",12.56%,"13,658.96","10,657.23","7,228.29",833.67,40.99,94.26,"19,121.76",0.49
Jan-23,EEAST,"23,343",84.61%,76.54%,"11,902",39.03%,"5,950",19.51%,"4,038",13.24%,"17,529.94","13,357.42","9,248.94",716.87,48.62,0,"24,713.40",0.57
Jan-23,EMAS,"23,184",100.00%,71.92%,"9,129",28.32%,"3,321",10.30%,"1,961",6.08%,"15,915.10","8,643.51","4,633.18",784,33.36,67.65,"17,922.88",0.49
Jan-23,IOW,294,97.46%,21.92%,20,1.49%,2,0.15%,1,0.07%,27.13,3.8,0.95,116.22,12.87,18.27,287.63,0.02
Jan-23,LAS,"28,323",86.47%,64.73%,"12,402",28.34%,"4,356",9.96%,"2,147",4.91%,"12,094.59","7,350.47","3,650.53",623,29.47,57.76,"21,494.57",0.28
Jan-23,NEAS,"8,184",78.98%,61.09%,"2,831",21.13%,"1,098",8.20%,689,5.14%,"3,250.28","2,754.94","2,019.64",353.35,27.88,76.39,"6,224.01",0.24
Jan-23,NWAS,"20,502",71.63%,68.19%,"8,648",28.77%,"3,197",10.63%,"1,801",5.99%,"9,500.86","6,125.51","3,551.79","1,029.37",32.6,66.73,"16,332.43",0.32
Jan-23,SCAS,"11,029",87.10%,50.05%,"2,659",12.07%,702,3.19%,346,1.57%,"2,805.62","1,397.12",730.31,779.65,20.46,34.13,"7,515.83",0.13
Jan-23,SECAmb,"18,281",93.97%,59.47%,"3,929",12.78%,467,1.52%,113,0.37%,"3,247.84",943.6,173.57,212.87,19.77,31.75,"10,126.40",0.11
Jan-23,SWAS,"22,570",100.00%,71.24%,"14,507",45.79%,"8,350",26.35%,"6,162",19.45%,"34,058.34","29,540.42","24,122.55","2,355.95",77.77,192.34,"41,064.99",1.07
Jan-23,WMAS,"28,879",92.06%,68.82%,"12,142",28.94%,"5,402",12.87%,"3,650",8.70%,"17,784.59","13,051.33","9,156.52","1,540.00",39.24,85.12,"27,442.12",0.42
Jan-23,YAS,"12,315",87.02%,43.79%,"5,453",19.39%,"2,249",8.00%,"1,248",4.44%,"6,275.36","4,227.47","2,488.26",736,24.2,54.01,"11,344.38",0.22
Feb-23,EEAST,"23,196",88.00%,75.44%,"11,225",36.51%,"5,440",17.69%,"3,550",11.55%,"15,137.18","11,090.99","7,256.10",716.03,43.63,96.32,"22,360.71",0.49
Feb-23,EMAS,"20,919",100.00%,71.62%,"7,951",27.22%,"2,738",9.37%,"1,548",5.30%,"13,160.00","6,724.09","3,313.36",522,31.19,61.77,"15,184.89",0.45
Feb-23,IOW,305,98.26%,24.50%,15,1.20%,0,0.00%,0,0.00%,24.81,2.4,0,54.45,12.99,18.46,269.46,0.02
Feb-23,LAS,"26,722",88.34%,65.06%,"11,831",28.80%,"4,235",10.31%,"2,147",5.23%,"11,520.36","7,023.47","3,468.95",552,29.78,59.04,"20,389.46",0.28
Feb-23,NEAS,"6,899",77.38%,54.85%,"1,741",13.84%,402,3.20%,169,1.34%,"1,556.36","1,101.12",533.45,278.55,20.52,50.92,"4,301.40",0.12
Feb-23,NWAS,"17,454",71.96%,60.91%,"6,363",22.21%,"1,883",6.57%,940,3.28%,"5,925.38","3,240.21","1,518.07",566.75,25.65,50.47,"12,250.29",0.21
Feb-23,SCAS,"10,725",87.81%,51.50%,"2,640",12.68%,724,3.48%,362,1.74%,"2,762.22","1,376.31",699.62,467.48,20.88,36.46,"7,246.98",0.13
Feb-23,SECAmb,"16,637",94.35%,57.73%,"3,373",11.70%,278,0.96%,46,0.16%,"2,736.40",695.55,74.72,161.53,19.06,30.48,"9,154.88",0.09
Feb-23,SWAS,"22,678",100.00%,71.76%,"14,269",45.15%,"7,848",24.83%,"5,507",17.43%,"25,537.85","21,032.07","15,798.44","1,474.32",61.84,149.42,"32,571.39",0.81
Feb-23,WMAS,"26,122",93.36%,66.76%,"10,346",26.44%,"4,168",10.65%,"2,582",6.60%,"12,041.84","7,880.17","4,707.32","1,010.00",32.19,66.86,"20,993.34",0.31
Feb-23,YAS,"10,719",81.42%,43.75%,"4,956",20.23%,"2,210",9.02%,"1,258",5.13%,"5,541.14","3,731.42","2,098.26",517.9,24.13,53.81,"9,853.57",0.23
Mar-23,EEAST,"26,959",89.13%,77.71%,"14,729",42.45%,"8,240",23.75%,"5,872",16.93%,"24,169.70","19,215.39","13,851.93","1,381.75",55.97,126.98,"32,364.24",0.7
Mar-23,EMAS,"24,328",100.00%,72.80%,"9,814",29.37%,"3,545",10.61%,"2,053",6.14%,"16,077.36","8,503.10","4,204.62",520,32.64,66.66,"18,175.99",0.48
Mar-23,IOW,266,97.91%,18.34%,19,1.31%,0,0.00%,0,0.00%,23.67,2.16,0,51.58,12.32,17.68,297.63,0.02
Mar-23,LAS,"30,750",89.00%,65.20%,"13,664",28.97%,"4,431",9.40%,"2,038",4.32%,"12,437.24","7,237.17","3,268.59",518.17,28.83,55.81,"22,660.04",0.26
Mar-23,NEAS,"8,104",79.68%,55.86%,"2,333",16.08%,711,4.90%,355,2.45%,"2,260.38","1,744.95","1,043.92",310.07,22.48,57.08,"5,434.93",0.16
Mar-23,NWAS,"20,796",68.52%,66.87%,"8,784",28.25%,"3,244",10.43%,"1,827",5.87%,"9,340.80","5,907.40","3,271.61",743.75,31.57,65.37,"16,363.36",0.3
Mar-23,SCAS,"12,289",87.41%,53.07%,"3,349",14.46%,"1,044",4.51%,575,2.48%,"3,682.21","2,028.28","1,121.26",503.4,22.55,41.11,"8,703.25",0.16
Mar-23,SECAmb,"19,162",93.88%,59.92%,"4,355",13.62%,507,1.59%,70,0.22%,"3,453.74","1,001.59",128.58,353.22,19.96,32.18,"10,639.69",0.11
Mar-23,SWAS,"26,037",100.00%,73.60%,"17,000",48.05%,"9,984",28.22%,"7,317",20.68%,"34,847.67","29,595.12","23,176.16","1,434.90",72.55,174.26,"42,780.44",0.99
Mar-23,WMAS,"30,539",92.97%,69.25%,"13,340",30.25%,"5,886",13.35%,"3,807",8.63%,"17,182.19","12,103.47","7,798.17","1,124.78",37.19,82.23,"27,337.33",0.39
Mar-23,YAS,"12,887",90.66%,40.79%,"6,131",19.41%,"2,663",8.43%,"1,545",4.89%,"6,820.38","4,618.17","2,606.85",541.25,23.1,52.63,"12,165.31",0.22
Apr-23,EEAST,"25,103",93.18%,69.57%,"10,456",28.98%,"4,394",12.18%,"2,673",7.41%,"12,804.16","8,726.05","5,418.37",870.8,35.16,73.45,"21,146.43",0.35
Apr-23,EMAS,"21,984",100.00%,66.49%,"6,789",20.53%,"1,580",4.78%,725,2.19%,"11,383.12","4,320.33","1,502.82",413,24.68,45.45,"13,602.57",0.34
Apr-23,IOW,358,98.51%,24.69%,26,1.79%,4,0.28%,2,0.14%,38.05,7.81,3.67,179.23,13.27,19.45,320.73,0.03
Apr-23,LAS,"29,992",89.96%,62.59%,"12,075",25.20%,"3,284",6.85%,"1,346",2.81%,"10,197.62","5,356.57","2,084.82",348.07,25.64,48.14,"20,480.24",0.21
Apr-23,NEAS,"8,249",82.63%,55.17%,"1,953",13.06%,436,2.92%,195,1.30%,"1,773.68","1,230.02",595.29,323.18,20.23,49.55,"5,041.07",0.12
Apr-23,NWAS,"19,763",73.98%,58.53%,"6,261",18.54%,"1,474",4.37%,714,2.11%,"5,545.73","2,645.45","1,121.94",583.27,22.99,42.82,"12,937.06",0.16
Apr-23,SCAS,"11,399",89.13%,49.36%,"2,761",11.96%,891,3.86%,518,2.24%,"3,251.90","1,808.83","1,061.11",493.35,21.3,38.46,"8,197.40",0.14
Apr-23,SECAmb,"15,739",94.16%,50.96%,"2,705",8.76%,206,0.67%,20,0.06%,"2,295.83",515.96,41.28,181.52,17.46,27.55,"8,988.87",0.07
Apr-23,SWAS,"23,880",100.00%,66.35%,"13,655",37.94%,"6,550",18.20%,"4,330",12.03%,"20,143.47","15,611.12","10,972.21","1,214.80",46.58,105.82,"27,941.58",0.56
Apr-23,WMAS,"27,072",94.87%,63.33%,"8,420",19.70%,"2,788",6.52%,"1,583",3.70%,"9,266.44","5,296.62","2,967.32",588.53,26.59,51.81,"18,947.28",0.22
Apr-23,YAS,"10,854",88.49%,36.39%,"4,205",14.10%,"1,480",4.96%,762,2.55%,"4,118.28","2,428.33","1,202.78",632,18.07,39.9,"8,983.18",0.14
May-23,EEAST,"25,930",92.45%,69.68%,"11,029",29.64%,"5,190",13.95%,"3,462",9.30%,"15,097.62","10,874.48","7,196.22",749.3,38.21,82.9,"23,699.94",0.41
May-23,EMAS,"24,081",100.00%,69.18%,"8,715",25.04%,"2,669",7.67%,"1,449",4.16%,"14,120.28","6,563.31","2,895.98",586,28.49,56.78,"16,532.03",0.41
May-23,IOW,332,96.35%,22.05%,32,2.12%,2,0.13%,2,0.13%,37.06,6.78,2.43,141.03,12.95,19.17,325.03,0.02
May-23,LAS,"30,644",90.12%,63.60%,"12,827",26.62%,"3,968",8.24%,"1,664",3.45%,"11,298.40","6,268.93","2,593.09",540,27.01,50.8,"21,689.74",0.23
May-23,NEAS,"8,475",81.79%,55.69%,"2,166",14.23%,506,3.33%,205,1.35%,"1,934.16","1,387.52",679.89,265.53,20.8,53.12,"5,274.71",0.13
May-23,NWAS,"21,373",76.55%,57.80%,"6,790",18.36%,"1,798",4.86%,910,2.46%,"6,339.09","3,207.84","1,481.76",634.68,23.37,44.62,"14,401.28",0.17
May-23,SCAS,"11,985",85.83%,51.58%,"3,057",13.16%,"1,029",4.43%,628,2.70%,"3,826.97","2,264.07","1,426.14",594.88,22.84,41.24,"8,845.37",0.16
May-23,SECAmb,"16,474",94.83%,49.86%,"2,858",8.65%,250,0.76%,18,0.05%,"2,456.40",564.59,51.99,277.33,17.36,27.16,"9,557.88",0.07
May-23,SWAS,"24,529",100.00%,64.31%,"13,968",36.62%,"6,844",17.94%,"4,534",11.89%,"20,172.59","15,547.91","10,738.45","1,119.60",44.53,103.69,"28,305.87",0.53
May-23,WMAS,"27,951",94.34%,64.73%,"9,590",22.21%,"3,733",8.65%,"2,233",5.17%,"11,277.64","7,088.57","4,224.35",862,29.33,59.21,"21,106.50",0.26
May-23,YAS,"11,338",94.21%,34.89%,"4,206",12.94%,"1,574",4.84%,863,2.66%,"4,382.56","2,653.91","1,391.66",387,17.77,40.04,"9,624.52",0.13
Jun-23,EEAST,"24,787",92.90%,68.84%,"10,498",29.16%,"4,639",12.88%,"3,000",8.33%,"13,369.53","9,343.35","5,961.45","1,021.55",36.09,78.72,"21,657.35",0.37
Jun-23,EMAS,"22,918",100.00%,68.21%,"7,390",21.99%,"1,899",5.65%,993,2.96%,"12,088.26","4,904.68","1,864.77",424.78,25.9,48.9,"14,504.01",0.36
Jun-23,IOW,229,98.19%,15.62%,7,0.48%,1,0.07%,1,0.07%,18.04,2.46,1.34,140.13,11.8,16.46,288.37,0.01
Jun-23,LAS,"29,882",91.02%,62.66%,"12,063",25.30%,"3,334",6.99%,"1,386",2.91%,"10,229.90","5,383.10","2,077.81",487.1,25.75,47.54,"20,466.68",0.21
Jun-23,NEAS,"6,603",81.69%,57.95%,"1,742",15.29%,419,3.68%,140,1.23%,"1,524.60","1,088.02",519.71,248.17,21.28,51.92,"4,041.50",0.13
Jun-23,NWAS,"20,368",77.87%,56.83%,"6,229",17.38%,"1,554",4.34%,750,2.09%,"5,652.01","2,697.94","1,151.82",442.57,22.5,42.39,"13,442.96",0.16
Jun-23,SCAS,"10,912",89.44%,46.58%,"2,293",9.79%,491,2.10%,223,0.95%,"2,180.19",858.03,337.51,327.48,18.27,29.59,"7,133.25",0.09
Jun-23,SECAmb,"14,743",89.94%,48.75%,"2,533",8.37%,278,0.92%,32,0.11%,"2,218.26",537.48,62.47,194.55,17.16,27.26,"8,649.65",0.07
Jun-23,SWAS,"23,677",100.00%,64.08%,"12,939",35.02%,"6,248",16.91%,"4,064",11.00%,"18,178.14","13,784.18","9,354.51","1,172.55",42.35,97.33,"26,080.95",0.49
Jun-23,WMAS,"27,256",94.31%,65.57%,"9,867",23.74%,"3,634",8.74%,"2,052",4.94%,"10,634.70","6,454.42","3,544.63",614.93,29.06,58.3,"20,129.68",0.26
Jun-23,YAS,"11,211",95.20%,35.23%,"4,421",13.89%,"1,523",4.79%,685,2.15%,"4,054.96","2,287.48",998.55,392.4,17.19,38.15,"9,116.77",0.13
Jul-23,EEAST,"24,854",93.44%,66.84%,"9,550",25.68%,"3,904",10.50%,"2,490",6.70%,"12,109.16","8,236.75","5,275.21","1,107.25",33.27,69.53,"20,620.41",0.33
Jul-23,EMAS,"23,159",100.00%,66.59%,"6,836",19.65%,"1,791",5.15%,913,2.62%,"11,764.29","4,467.71","1,685.96",500.4,24.78,45.96,"14,366.60",0.34
Jul-23,IOW,387,97.99%,24.10%,36,2.24%,2,0.12%,1,0.06%,38.66,5.82,0.64,94.8,13.02,19.3,348.51,0.02
Jul-23,LAS,"30,980",93.96%,59.71%,"10,482",20.20%,"1,646",3.17%,487,0.94%,"7,753.96","3,070.82",730.23,322.92,21.77,37.79,"18,826.92",0.15
Jul-23,NEAS,"8,377",83.98%,53.27%,"1,768",11.24%,316,2.01%,122,0.78%,"1,588.43","1,012.52",414.22,266.62,19.1,48.13,"5,005.30",0.1
Jul-23,NWAS,"21,309",78.02%,57.39%,"6,655",17.92%,"1,676",4.51%,835,2.25%,"6,127.80","3,029.18","1,375.83",453.07,22.97,43.19,"14,216.34",0.17
Jul-23,SCAS,"11,936",89.34%,50.11%,"2,877",12.08%,836,3.51%,457,1.92%,"3,249.68","1,723.81",974.35,627.23,21.05,36.52,"8,355.84",0.14
Jul-23,SECAmb,"15,235",95.00%,46.86%,"2,374",7.30%,196,0.60%,23,0.07%,"2,151.65",472.11,43.85,160.23,16.59,26.2,"8,990.24",0.07
Jul-23,SWAS,"24,458",100.00%,63.05%,"13,224",34.09%,"6,153",15.86%,"3,943",10.16%,"17,192.30","12,667.93","8,227.33","1,428.38",39.37,88.57,"25,451.77",0.44
Jul-23,WMAS,"28,971",94.40%,64.51%,"11,426",25.44%,"4,895",10.90%,"3,003",6.69%,"13,690.87","9,138.25","5,508.24",697.57,31.89,67.66,"23,868.68",0.3
Jul-23,YAS,"11,189",94.84%,33.32%,"4,128",12.29%,"1,354",4.03%,658,1.96%,"3,754.60","2,045.57",872.93,347.08,16.09,35.62,"9,006.32",0.11
Aug-23,EEAST,"26,230",93.27%,70.88%,"11,366",30.71%,"4,985",13.47%,"3,186",8.61%,"14,555.75","10,226.66","6,518.91",838.22,37.51,79.43,"23,133.93",0.39
Aug-23,EMAS,"23,240",100.00%,67.61%,"7,517",21.87%,"1,938",5.64%,983,2.86%,"12,011.58","4,867.16","1,845.04",389.8,25.73,48.59,"14,739.98",0.35
Aug-23,IOW,447,97.34%,29.12%,36,2.35%,3,0.20%,0,0.00%,46.82,5.57,0.52,77.53,13.75,20.4,351.74,0.03
Aug-23,LAS,"31,008",96.41%,61.05%,"10,043",19.77%,688,1.35%,193,0.38%,"6,798.66","2,147.84",291.15,317,20.96,35.09,"17,745.10",0.13
Aug-23,NEAS,"8,541",85.93%,53.74%,"1,885",11.86%,295,1.86%,97,0.61%,"1,627.65","1,040.75",389.4,300.28,19.17,47.02,"5,078.17",0.1
Aug-23,NWAS,"21,283",77.52%,58.89%,"7,151",19.79%,"2,025",5.60%,"1,082",2.99%,"7,017.49","3,819.65","1,933.80",811.08,24.79,48.6,"14,929.65",0.19
Aug-23,SCAS,"13,151",89.70%,53.95%,"3,455",14.17%,"1,026",4.21%,542,2.22%,"3,633.40","1,897.97",982.01,470.42,22.02,39.34,"8,946.80",0.15
Aug-23,SECAmb,"16,315",94.99%,49.75%,"2,791",8.51%,270,0.82%,38,0.12%,"2,449.44",572.3,66.99,160.42,17.24,27.46,"9,421.17",0.07
Aug-23,SWAS,"26,390",100.00%,68.59%,"15,023",39.05%,"7,284",18.93%,"4,881",12.69%,"20,918.74","15,867.23","10,739.72","1,004.17",45.86,102.81,"29,403.73",0.54
Aug-23,WMAS,"30,385",94.72%,67.91%,"12,164",27.19%,"4,966",11.10%,"3,003",6.71%,"14,089.02","9,229.77","5,434.12",739.92,32.65,68.71,"24,346.10",0.31
Aug-23,YAS,"12,305",95.19%,37.75%,"5,324",16.33%,"1,938",5.95%,956,2.93%,"5,055.14","3,041.77","1,427.52",405.72,19.08,43.82,"10,366.28",0.16
Sep-23,EEAST,"24,671",93.30%,68.92%,"10,343",28.90%,"4,546",12.70%,"2,958",8.26%,"13,858.32","9,855.61","6,526.84","1,200.58",37.06,79.71,"22,110.16",0.39
Sep-23,EMAS,"23,993",100.00%,70.48%,"8,804",25.86%,"2,860",8.40%,"1,694",4.98%,"14,453.19","7,208.68","3,529.36",810,30.2,61.2,"17,134.23",0.42
Sep-23,IOW,437,97.40%,28.43%,37,2.41%,3,0.20%,2,0.13%,47.82,7.82,2.1,123.68,13.8,20.38,353.62,0.03
Sep-23,LAS,"31,155",96.00%,62.75%,"11,189",22.53%,764,1.54%,186,0.37%,"7,360.42","2,480.15",303.11,254.67,21.87,36.69,"18,099.44",0.15
Sep-23,NEAS,"8,725",86.85%,55.34%,"2,209",14.01%,447,2.84%,187,1.19%,"1,919.36","1,340.61",602.4,307.95,20.39,50.03,"5,358.68",0.12
Sep-23,NWAS,"21,513",76.79%,61.75%,"7,816",22.43%,"2,305",6.62%,"1,142",3.28%,"7,495.52","4,153.03","2,048.57",735.17,26.18,51.52,"15,201.47",0.22
Sep-23,SCAS,"13,791",89.28%,58.76%,"4,255",18.13%,"1,493",6.36%,862,3.67%,"4,960.95","3,011.61","1,783.23",550,25.98,49.11,"10,160.83",0.21
Sep-23,SECAmb,"16,116",94.54%,50.55%,"2,904",9.11%,296,0.93%,42,0.13%,"2,502.50",609.5,73.61,202.42,17.58,28.34,"9,344.11",0.08
Sep-23,SWAS,"26,882",100.00%,72.92%,"16,915",45.89%,"9,265",25.13%,"6,509",17.66%,"29,042.38","23,652.16","17,491.10","1,301.68",60.76,144.44,"37,331.74",0.79
Sep-23,WMAS,"30,225",94.37%,70.18%,"14,404",33.44%,"7,533",17.49%,"5,165",11.99%,"20,432.39","15,241.97","10,146.79",752.9,42.31,96.38,"30,370.68",0.47
Sep-23,YAS,"12,897",94.65%,39.19%,"5,621",17.08%,"2,053",6.24%,"1,117",3.39%,"5,607.17","3,483.52","1,786.80",437.27,20.11,46.66,"11,030.48",0.17
