Date,Ambulance Trust,Hospital Name,Count of Handovers at Hospital,Handover Compliance,Coun to fHandovers Over 15 Minutes,% of Handovers Over 15 Minutes,Count of Handovers Over 30 Minutes,% of Handovers Over 30 Minutes,Count of Handovers Over 60 Minutes,% of Handovers Over 60 Minutes,Count of Handovers Over 90 Minutes,% of Handovers Over 90 Minutes,Hours lost for Handovers over 15 minutes,Hours lost for Handovers over 30 minutes,Hours lost for Handovers over 60 minutes,Longest Handover (mm.m),Mean Handover Time (mm.m),90th Centile Handover Time (mm.m),Total Handover Time (hh.h),Average Time Lost for Handovers over 15 minutes per Handover (hh.h)
01-Jan-22,EEAST,James Paget Hospital,67,93.06%,55,82.09%,35,52.24%,25,37.31%,11,16.42%,44.49,33.36,18.48,250.32,54.19,118.2,60.51,0.66
02-Jan-22,EEAST,James Paget Hospital,42,70.00%,33,78.57%,14,33.33%,7,16.67%,4,9.52%,15.81,10.79,5.68,171.2,37.13,86.77,25.99,0.38
03-Jan-22,EEAST,James Paget Hospital,50,72.46%,43,86.00%,29,58.00%,20,40.00%,17,34.00%,61.68,52.39,40.95,526.62,88.27,245.17,73.56,1.23
04-Jan-22,EEAST,James Paget Hospital,29,61.70%,23,79.31%,13,44.83%,9,31.03%,7,24.14%,29.6,25.17,20.05,407.45,75.51,285.9,36.5,1.02
05-Jan-22,EEAST,James Paget Hospital,31,64.58%,25,80.65%,13,41.94%,7,22.58%,3,9.68%,15.62,11.15,6.93,292.85,44.58,83.62,23.04,0.5
06-Jan-22,EEAST,James Paget Hospital,58,87.88%,47,81.03%,13,22.41%,3,5.17%,3,5.17%,13.35,6.95,3.48,141.58,28.13,48.28,27.19,0.23
07-Jan-22,EEAST,James Paget Hospital,61,89.71%,43,70.49%,15,24.59%,5,8.20%,3,4.92%,12.86,6.24,2.24,104.48,26.44,47.65,26.88,0.21
08-Jan-22,EEAST,James Paget Hospital,57,80.28%,45,78.95%,22,38.60%,13,22.81%,6,10.53%,28.71,20.39,11.34,301.15,44.05,99.93,41.85,0.5
09-Jan-22,EEAST,James Paget Hospital,45,77.59%,36,80.00%,20,44.44%,10,22.22%,7,15.56%,31.54,24.64,17.59,303.92,56.4,139.6,42.3,0.7
10-Jan-22,EEAST,James Paget Hospital,49,80.33%,43,87.76%,23,46.94%,18,36.73%,15,30.61%,60.18,51.88,42.32,423.9,88.3,311.65,72.11,1.23
11-Jan-22,EEAST,James Paget Hospital,34,69.39%,29,85.29%,11,32.35%,9,26.47%,8,23.53%,20.67,16.37,11.31,226.63,50.81,109.1,28.79,0.61
12-Jan-22,EEAST,James Paget Hospital,46,82.14%,36,78.26%,20,43.48%,13,28.26%,4,8.70%,21.67,14.89,6.38,208.1,42.67,86.33,32.71,0.47
13-Jan-22,EEAST,James Paget Hospital,52,88.14%,40,76.92%,9,17.31%,3,5.77%,0,0.00%,8.97,3.16,0.23,67.73,24.61,45.42,21.33,0.17
14-Jan-22,EEAST,James Paget Hospital,55,80.88%,44,80.00%,20,36.36%,8,14.55%,7,12.73%,24.48,15.67,9.44,235.45,40.88,101.4,37.47,0.45
15-Jan-22,EEAST,James Paget Hospital,62,93.94%,46,74.19%,8,12.90%,4,6.45%,0,0.00%,8.74,3.2,0.78,80.27,22.77,33.2,23.53,0.14
16-Jan-22,EEAST,James Paget Hospital,58,96.67%,37,63.79%,12,20.69%,5,8.62%,3,5.17%,12.15,6.81,2.64,131.1,26.3,53.02,25.43,0.21
17-Jan-22,EEAST,James Paget Hospital,43,72.88%,30,69.77%,11,25.58%,5,11.63%,3,6.98%,12.84,7.98,4.45,161.4,31.41,72.53,22.51,0.3
18-Jan-22,EEAST,James Paget Hospital,37,69.81%,32,86.49%,15,40.54%,6,16.22%,3,8.11%,17.95,12.42,7.76,237.15,43.8,88.9,27.01,0.49
19-Jan-22,EEAST,James Paget Hospital,55,87.30%,39,70.91%,18,32.73%,9,16.36%,5,9.09%,21.04,14.6,7.81,186.17,37.12,84.72,34.03,0.38
20-Jan-22,EEAST,James Paget Hospital,39,60.00%,32,82.05%,15,38.46%,9,23.08%,5,12.82%,22.28,16.83,11.7,223.7,48.87,151.87,31.77,0.57
21-Jan-22,EEAST,James Paget Hospital,64,100.00%,45,70.31%,11,17.19%,4,6.25%,0,0.00%,10.51,4.64,1.31,86.92,23.88,45.72,25.47,0.16
22-Jan-22,EEAST,James Paget Hospital,58,98.31%,44,75.86%,16,27.59%,5,8.62%,2,3.45%,14.98,7.73,3.34,148.12,29.53,54,28.55,0.26
23-Jan-22,EEAST,James Paget Hospital,69,98.57%,59,85.51%,12,17.39%,1,1.45%,0,0.00%,9.38,2.06,0.26,75.75,22.62,35.67,26.02,0.14
24-Jan-22,EEAST,James Paget Hospital,45,73.77%,31,68.89%,19,42.22%,12,26.67%,10,22.22%,35.88,30.03,22.59,315.85,61.12,177.45,45.84,0.8
25-Jan-22,EEAST,James Paget Hospital,41,74.55%,31,75.61%,18,43.90%,12,29.27%,10,24.39%,29.52,23.32,15.96,236.05,56.89,128.57,38.87,0.72
26-Jan-22,EEAST,James Paget Hospital,65,98.48%,43,66.15%,6,9.23%,0,0.00%,0,0.00%,5.06,0.33,0,37.42,18.14,26.5,19.65,0.08
27-Jan-22,EEAST,James Paget Hospital,64,90.14%,51,79.69%,14,21.88%,6,9.38%,2,3.13%,13.9,6.9,2.86,121.75,27.13,46.65,28.94,0.22
28-Jan-22,EEAST,James Paget Hospital,55,90.16%,43,78.18%,23,41.82%,11,20.00%,3,5.45%,21.21,13.48,5.32,142.5,37.52,74.42,34.39,0.39
29-Jan-22,EEAST,James Paget Hospital,61,93.85%,40,65.57%,5,8.20%,0,0.00%,0,0.00%,5.28,0.53,0,52.77,19.06,29.07,19.38,0.09
30-Jan-22,EEAST,James Paget Hospital,49,76.56%,34,69.39%,16,32.65%,12,24.49%,5,10.20%,19.67,14.23,7.38,174.97,37.89,98.72,30.94,0.4
31-Jan-22,EEAST,James Paget Hospital,61,85.92%,46,75.41%,27,44.26%,14,22.95%,8,13.11%,35.23,26.83,17.05,293.23,48.78,118.63,49.59,0.58
01-Feb-22,EEAST,James Paget Hospital,50,79.37%,38,76.00%,23,46.00%,16,32.00%,4,8.00%,24.61,17.36,7.77,218.57,43.3,76.1,36.08,0.49
02-Feb-22,EEAST,James Paget Hospital,47,67.14%,39,82.98%,28,59.57%,18,38.30%,13,27.66%,47.95,39.76,28.51,377.1,75.67,184.92,59.28,1.02
03-Feb-22,EEAST,James Paget Hospital,35,64.81%,23,65.71%,14,40.00%,8,22.86%,7,20.00%,18.92,14.47,9.17,192.4,46.39,130.97,27.06,0.54
04-Feb-22,EEAST,James Paget Hospital,58,85.29%,45,77.59%,18,31.03%,9,15.52%,3,5.17%,18.87,11.43,5.04,161.97,33.47,82.05,32.36,0.33
05-Feb-22,EEAST,James Paget Hospital,42,70.00%,33,78.57%,18,42.86%,8,19.05%,6,14.29%,24.7,19.15,11.46,227.17,49.14,145.48,34.4,0.59
06-Feb-22,EEAST,James Paget Hospital,65,100.00%,45,69.23%,4,6.15%,1,1.54%,0,0.00%,6.19,1.32,0.28,76.85,19.62,25.18,21.26,0.1
07-Feb-22,EEAST,James Paget Hospital,57,79.17%,35,61.40%,14,24.56%,4,7.02%,1,1.75%,11.53,5.66,1.55,95.28,25.73,51.82,24.44,0.2
08-Feb-22,EEAST,James Paget Hospital,46,75.41%,41,89.13%,25,54.35%,11,23.91%,7,15.22%,24.61,17.2,8.15,137.12,46.56,117.4,35.7,0.53
09-Feb-22,EEAST,James Paget Hospital,38,62.30%,33,86.84%,17,44.74%,15,39.47%,9,23.68%,27.05,21.18,13.1,171.33,57.07,152.9,36.14,0.71
10-Feb-22,EEAST,James Paget Hospital,45,70.31%,34,75.56%,19,42.22%,11,24.44%,6,13.33%,24.37,18.22,10.49,218.78,46.81,113.43,35.11,0.54
11-Feb-22,EEAST,James Paget Hospital,40,76.92%,37,92.50%,23,57.50%,15,37.50%,7,17.50%,25.71,18.57,9.75,206.53,53.38,116.95,35.59,0.64
12-Feb-22,EEAST,James Paget Hospital,41,64.06%,32,78.05%,18,43.90%,13,31.71%,9,21.95%,32.67,26.56,19.39,315.88,62.46,150.42,42.68,0.8
13-Feb-22,EEAST,James Paget Hospital,36,60.00%,34,94.44%,23,63.89%,15,41.67%,12,33.33%,43.82,36.5,27.76,326.33,87.76,248.87,52.65,1.22
14-Feb-22,EEAST,James Paget Hospital,43,61.43%,37,86.05%,21,48.84%,13,30.23%,10,23.26%,33.9,26.75,18.52,243.43,62.04,198.27,44.46,0.79
15-Feb-22,EEAST,James Paget Hospital,28,54.90%,23,82.14%,8,28.57%,4,14.29%,2,7.14%,9.28,6.14,3.36,149.57,34.34,81.42,16.03,0.33
16-Feb-22,EEAST,James Paget Hospital,44,78.57%,33,75.00%,13,29.55%,9,20.45%,6,13.64%,22.16,16.84,10.81,238.48,44.46,128.98,32.6,0.5
17-Feb-22,EEAST,James Paget Hospital,36,61.02%,30,83.33%,20,55.56%,12,33.33%,9,25.00%,31,25.03,17.55,276,66,178.17,39.6,0.86
18-Feb-22,EEAST,James Paget Hospital,50,80.65%,45,90.00%,28,56.00%,20,40.00%,16,32.00%,64.88,56.5,43.88,426.75,92.51,218.92,77.1,1.3
19-Feb-22,EEAST,James Paget Hospital,63,81.82%,56,88.89%,31,49.21%,16,25.40%,8,12.70%,33.17,22.73,11.64,220.02,46.2,101.27,48.51,0.53
20-Feb-22,EEAST,James Paget Hospital,44,80.00%,40,90.91%,31,70.45%,18,40.91%,11,25.00%,65.65,56.99,45.89,676.83,104.08,264.12,76.33,1.49
21-Feb-22,EEAST,James Paget Hospital,50,74.63%,39,78.00%,26,52.00%,20,40.00%,17,34.00%,70.63,63.13,51.53,616.53,98.73,321.57,82.27,1.41
22-Feb-22,EEAST,James Paget Hospital,39,66.10%,32,82.05%,22,56.41%,16,41.03%,11,28.21%,55.49,48.85,39.48,467.32,99.53,303.32,64.7,1.42
23-Feb-22,EEAST,James Paget Hospital,43,78.18%,39,90.70%,27,62.79%,20,46.51%,20,46.51%,76.68,68.47,57.35,500.02,121.46,302.97,87.04,1.78
24-Feb-22,EEAST,James Paget Hospital,49,76.56%,36,73.47%,13,26.53%,6,12.24%,2,4.08%,14.54,8.7,3.94,192.67,32,77.7,26.13,0.3
25-Feb-22,EEAST,James Paget Hospital,37,68.52%,33,89.19%,13,35.14%,8,21.62%,5,13.51%,19.5,14.21,9.34,278.8,46.46,96.08,28.65,0.53
26-Feb-22,EEAST,James Paget Hospital,47,88.68%,34,72.34%,13,27.66%,6,12.77%,3,6.38%,12.66,7.57,3.33,147.82,30.22,71.83,23.67,0.27
27-Feb-22,EEAST,James Paget Hospital,39,67.24%,25,64.10%,14,35.90%,8,20.51%,6,15.38%,18.21,13.41,8.28,267.67,41.89,106.18,27.23,0.47
28-Feb-22,EEAST,James Paget Hospital,46,70.77%,40,86.96%,29,63.04%,21,45.65%,17,36.96%,50.39,42.36,29.93,350.45,80.05,181.42,61.38,1.1
01-Mar-22,EEAST,James Paget Hospital,30,61.22%,23,76.67%,10,33.33%,8,26.67%,6,20.00%,26.88,23.08,18.69,404.18,68.31,168.03,34.16,0.9
02-Mar-22,EEAST,James Paget Hospital,41,70.69%,34,82.93%,15,36.59%,4,9.76%,0,0.00%,11.24,5.85,0.95,81.43,31.05,56.68,21.22,0.27
03-Mar-22,EEAST,James Paget Hospital,42,79.25%,35,83.33%,15,35.71%,9,21.43%,4,9.52%,24.4,18.78,12.87,282.1,49.23,81.9,34.46,0.58
04-Mar-22,EEAST,James Paget Hospital,54,84.38%,48,88.89%,30,55.56%,20,37.04%,16,29.63%,41.38,32.2,20.11,208.03,60.73,149.35,54.66,0.77
05-Mar-22,EEAST,James Paget Hospital,57,100.00%,49,85.96%,15,26.32%,1,1.75%,0,0.00%,9.79,3.2,0.01,60.37,24.66,44.4,23.43,0.17
06-Mar-22,EEAST,James Paget Hospital,59,96.72%,45,76.27%,4,6.78%,0,0.00%,0,0.00%,5.53,0.63,0,52.32,19.74,29.03,19.41,0.09
07-Mar-22,EEAST,James Paget Hospital,60,92.31%,39,65.00%,12,20.00%,4,6.67%,0,0.00%,8.8,3.5,0.29,71.98,22.95,41.93,22.95,0.15
08-Mar-22,EEAST,James Paget Hospital,43,76.79%,32,74.42%,11,25.58%,3,6.98%,2,4.65%,9.47,5.19,1.92,110.8,27.55,48.07,19.74,0.22
09-Mar-22,EEAST,James Paget Hospital,48,66.67%,35,72.92%,23,47.92%,17,35.42%,15,31.25%,50.87,43.85,34.22,421.97,77.55,251.25,62.04,1.06
10-Mar-22,EEAST,James Paget Hospital,43,79.63%,39,90.70%,28,65.12%,21,48.84%,15,34.88%,52.1,43.69,31.96,274.58,87.3,208.28,62.56,1.21
11-Mar-22,EEAST,James Paget Hospital,42,63.64%,35,83.33%,24,57.14%,13,30.95%,4,9.52%,21.67,14.55,5.94,146.15,45.41,88,31.79,0.52
12-Mar-22,EEAST,James Paget Hospital,34,66.67%,26,76.47%,16,47.06%,12,35.29%,11,32.35%,26.91,21.73,15.01,192.28,61.73,151.38,34.98,0.79
13-Mar-22,EEAST,James Paget Hospital,44,78.57%,34,77.27%,13,29.55%,7,15.91%,5,11.36%,17.18,11.73,7.06,201.03,37.34,98.28,27.39,0.39
14-Mar-22,EEAST,James Paget Hospital,38,71.70%,30,78.95%,14,36.84%,6,15.79%,1,2.63%,13.24,7.94,2.71,153.18,34.85,71.82,22.07,0.35
15-Mar-22,EEAST,James Paget Hospital,54,91.53%,39,72.22%,18,33.33%,9,16.67%,5,9.26%,16.5,10.29,3.94,112.82,32.28,77.4,29.05,0.31
16-Mar-22,EEAST,James Paget Hospital,36,65.45%,33,91.67%,16,44.44%,13,36.11%,9,25.00%,29.84,23.65,16.8,220.38,64.44,179.72,38.66,0.83
17-Mar-22,EEAST,James Paget Hospital,30,57.69%,26,86.67%,16,53.33%,7,23.33%,3,10.00%,15.05,10.1,4.46,175.37,44.92,89.5,22.46,0.5
18-Mar-22,EEAST,James Paget Hospital,37,62.71%,30,81.08%,16,43.24%,6,16.22%,3,8.11%,14.07,8.86,3.46,124.78,37.14,78.88,22.9,0.38
19-Mar-22,EEAST,James Paget Hospital,44,72.13%,36,81.82%,30,68.18%,24,54.55%,22,50.00%,90.42,82.33,69.03,523.62,137.13,350.7,100.56,2.05
20-Mar-22,EEAST,James Paget Hospital,37,80.43%,30,81.08%,13,35.14%,11,29.73%,5,13.51%,16.44,11.41,5.43,167.73,40.75,93.38,25.13,0.44
21-Mar-22,EEAST,James Paget Hospital,38,65.52%,31,81.58%,20,52.63%,14,36.84%,12,31.58%,39.92,34.33,26.12,318.2,77.45,250.18,49.05,1.05
22-Mar-22,EEAST,James Paget Hospital,43,63.24%,35,81.40%,29,67.44%,22,51.16%,16,37.21%,56.79,49.02,36.41,401.23,93.61,177.62,67.09,1.32
23-Mar-22,EEAST,James Paget Hospital,37,64.91%,35,94.59%,28,75.68%,25,67.57%,21,56.76%,71.08,63.18,50.31,347.15,130.07,321.27,80.21,1.92
24-Mar-22,EEAST,James Paget Hospital,44,70.97%,39,88.64%,24,54.55%,21,47.73%,17,38.64%,54.99,46.89,35.84,402.4,89.57,183.03,65.69,1.25
25-Mar-22,EEAST,James Paget Hospital,27,52.94%,23,85.19%,15,55.56%,13,48.15%,12,44.44%,44.41,40.13,33.4,614.75,113.2,302.93,50.94,1.64
26-Mar-22,EEAST,James Paget Hospital,33,67.35%,28,84.85%,14,42.42%,7,21.21%,4,12.12%,22.34,16.94,11.82,351.03,54.82,127.07,30.15,0.68
27-Mar-22,EEAST,James Paget Hospital,32,57.14%,29,90.63%,23,71.88%,15,46.88%,11,34.38%,34.02,27.57,18.96,275.23,78.62,173.18,41.93,1.06
28-Mar-22,EEAST,James Paget Hospital,30,55.56%,24,80.00%,18,60.00%,16,53.33%,13,43.33%,39.46,34.22,25.75,322.2,92.99,207.1,46.5,1.32
29-Mar-22,EEAST,James Paget Hospital,36,72.00%,32,88.89%,21,58.33%,15,41.67%,13,36.11%,35.6,28.92,19.98,251.92,73.97,159.72,44.38,0.99
30-Mar-22,EEAST,James Paget Hospital,28,63.64%,20,71.43%,14,50.00%,10,35.71%,7,25.00%,24.15,20,14.06,295.32,65.03,179.17,30.35,0.86
31-Mar-22,EEAST,James Paget Hospital,49,84.48%,37,75.51%,14,28.57%,7,14.29%,4,8.16%,16.8,10.52,5.69,168.4,34.78,85.78,28.4,0.34
01-Apr-22,EEAST,James Paget Hospital,56,74.67%,45,80.36%,19,33.93%,11,19.64%,7,12.50%,29.68,22.76,15.01,272.38,46.05,112.3,42.98,0.53
02-Apr-22,EEAST,James Paget Hospital,39,76.47%,31,79.49%,18,46.15%,11,28.21%,6,15.38%,24.66,19.17,12.02,351.97,52.42,102,34.07,0.63
03-Apr-22,EEAST,James Paget Hospital,50,87.72%,36,72.00%,17,34.00%,8,16.00%,4,8.00%,19.24,13.36,8.47,252.08,36.94,77.75,30.79,0.38
04-Apr-22,EEAST,James Paget Hospital,41,67.21%,32,78.05%,18,43.90%,9,21.95%,7,17.07%,26.59,20.74,14.57,269.47,53.07,160.18,36.27,0.65
05-Apr-22,EEAST,James Paget Hospital,40,83.33%,32,80.00%,17,42.50%,14,35.00%,9,22.50%,29.75,24.19,16.62,360.88,58.72,156.95,39.15,0.74
06-Apr-22,EEAST,James Paget Hospital,36,66.67%,30,83.33%,20,55.56%,16,44.44%,9,25.00%,33.32,27.5,18.83,309.68,69.67,173.72,41.8,0.93
07-Apr-22,EEAST,James Paget Hospital,30,63.83%,28,93.33%,19,63.33%,13,43.33%,9,30.00%,25.96,20.37,13.04,181.73,66.7,149.32,33.35,0.87
08-Apr-22,EEAST,James Paget Hospital,36,72.00%,29,80.56%,17,47.22%,6,16.67%,4,11.11%,13.98,8.24,3.47,129.53,37.33,92.45,22.4,0.39
09-Apr-22,EEAST,James Paget Hospital,40,71.43%,34,85.00%,26,65.00%,17,42.50%,14,35.00%,45.49,38.44,27.52,254.62,82.68,189.53,55.12,1.14
10-Apr-22,EEAST,James Paget Hospital,42,73.68%,37,88.10%,23,54.76%,15,35.71%,10,23.81%,37.63,30.51,20.83,306.18,68.45,187.27,47.91,0.9
11-Apr-22,EEAST,James Paget Hospital,32,69.57%,24,75.00%,15,46.88%,11,34.38%,6,18.75%,27.55,22.91,16.65,304.95,66.21,187.32,35.31,0.86
12-Apr-22,EEAST,James Paget Hospital,41,71.93%,36,87.80%,20,48.78%,13,31.71%,9,21.95%,27.85,21.52,13.45,208.05,55.12,134.72,37.66,0.68
13-Apr-22,EEAST,James Paget Hospital,39,69.64%,36,92.31%,29,74.36%,15,38.46%,9,23.08%,33.63,25.63,15.09,200.95,66.55,163.75,43.26,0.86
14-Apr-22,EEAST,James Paget Hospital,41,78.85%,34,82.93%,18,43.90%,10,24.39%,2,4.88%,18.21,12.14,5.53,225.97,41,82.05,28.02,0.44
15-Apr-22,EEAST,James Paget Hospital,53,85.48%,41,77.36%,17,32.08%,8,15.09%,4,7.55%,17.28,10.88,4.6,135.45,33.97,81.93,30.01,0.33
16-Apr-22,EEAST,James Paget Hospital,39,73.58%,33,84.62%,24,61.54%,12,30.77%,10,25.64%,25.77,18.73,10.99,157.8,53.82,133.28,34.98,0.66
17-Apr-22,EEAST,James Paget Hospital,32,69.57%,25,78.13%,16,50.00%,10,31.25%,10,31.25%,32.04,26.59,20.23,357.07,74.23,200.22,39.59,1
18-Apr-22,EEAST,James Paget Hospital,32,57.14%,25,78.13%,14,43.75%,11,34.38%,11,34.38%,32.5,28.17,22.25,306.6,75.1,181.43,40.05,1.02
19-Apr-22,EEAST,James Paget Hospital,39,72.22%,32,82.05%,19,48.72%,13,33.33%,5,12.82%,28.57,22.38,15.26,355.07,58.08,159.25,37.75,0.73
20-Apr-22,EEAST,James Paget Hospital,46,77.97%,35,76.09%,20,43.48%,10,21.74%,3,6.52%,17.66,10.8,4.15,140.2,36.78,80.63,28.2,0.38
21-Apr-22,EEAST,James Paget Hospital,54,87.10%,39,72.22%,14,25.93%,3,5.56%,0,0.00%,10.05,4.03,0.63,77.35,25.33,43.05,22.79,0.19
22-Apr-22,EEAST,James Paget Hospital,63,94.03%,54,85.71%,26,41.27%,6,9.52%,3,4.76%,20.79,11.04,4.54,145.15,34.47,57.88,36.19,0.33
23-Apr-22,EEAST,James Paget Hospital,55,90.16%,41,74.55%,13,23.64%,7,12.73%,3,5.45%,17.4,10.9,5.73,180.35,33.46,68.45,30.67,0.32
24-Apr-22,EEAST,James Paget Hospital,57,78.08%,42,73.68%,27,47.37%,16,28.07%,13,22.81%,41.15,32.78,22.53,266.83,57.28,152.43,54.41,0.72
25-Apr-22,EEAST,James Paget Hospital,39,78.00%,35,89.74%,19,48.72%,10,25.64%,9,23.08%,28.93,22.7,15.39,257.88,58.82,153.02,38.23,0.74
26-Apr-22,EEAST,James Paget Hospital,26,68.42%,23,88.46%,11,42.31%,5,19.23%,3,11.54%,11.16,7.43,3.59,147.52,40.51,97.27,17.55,0.43
27-Apr-22,EEAST,James Paget Hospital,31,52.54%,28,90.32%,16,51.61%,14,45.16%,10,32.26%,26.03,20.85,13.34,212.28,65.11,149.98,33.64,0.84
28-Apr-22,EEAST,James Paget Hospital,47,92.16%,36,76.60%,7,14.89%,2,4.26%,0,0.00%,6.93,2.89,0.68,82.87,22.92,47.12,17.96,0.15
29-Apr-22,EEAST,James Paget Hospital,55,100.00%,26,47.27%,0,0.00%,0,0.00%,0,0.00%,2.72,0,0,29.77,16.22,25.23,14.87,0.05
30-Apr-22,EEAST,James Paget Hospital,67,98.53%,38,56.72%,8,11.94%,2,2.99%,1,1.49%,6.47,2.57,1.17,100.67,19.02,30.7,21.24,0.1
01-May-22,EEAST,James Paget Hospital,58,100.00%,41,70.69%,11,18.97%,5,8.62%,3,5.17%,12.69,7.62,4.16,186,27.35,47.8,26.44,0.22
02-May-22,EEAST,James Paget Hospital,64,98.46%,50,78.13%,18,28.13%,11,17.19%,7,10.94%,23.45,16.23,9.18,194.8,35.93,90.97,38.33,0.37
03-May-22,EEAST,James Paget Hospital,49,81.67%,35,71.43%,21,42.86%,10,20.41%,8,16.33%,26.95,20.52,13.8,227.7,47,167.97,38.38,0.55
04-May-22,EEAST,James Paget Hospital,50,96.15%,38,76.00%,20,40.00%,10,20.00%,4,8.00%,18.78,12.1,5.8,142.12,36.51,82.12,30.43,0.38
05-May-22,EEAST,James Paget Hospital,49,83.05%,38,77.55%,13,26.53%,5,10.20%,2,4.08%,12.46,6.97,2.95,135.55,29.63,70.3,24.2,0.25
06-May-22,EEAST,James Paget Hospital,59,92.19%,49,83.05%,33,55.93%,27,45.76%,16,27.12%,62.55,52.66,38,292.33,77.76,237.68,76.46,1.06
07-May-22,EEAST,James Paget Hospital,41,77.36%,30,73.17%,15,36.59%,10,24.39%,6,14.63%,28.1,22.98,17.29,381.15,55.08,160.88,37.64,0.69
08-May-22,EEAST,James Paget Hospital,29,64.44%,24,82.76%,14,48.28%,13,44.83%,12,41.38%,47.87,43.45,36.58,480.63,113.73,344.82,54.97,1.65
09-May-22,EEAST,James Paget Hospital,27,52.94%,25,92.59%,20,74.07%,9,33.33%,7,25.93%,26.73,21.01,13.89,240.58,74.29,220.37,33.43,0.99
10-May-22,EEAST,James Paget Hospital,48,85.71%,37,77.08%,24,50.00%,15,31.25%,13,27.08%,45.56,38.42,29.91,379.92,71.05,235.57,56.84,0.95
11-May-22,EEAST,James Paget Hospital,41,71.93%,39,95.12%,25,60.98%,19,46.34%,15,36.59%,59.5,52.09,41.82,389.7,101.82,316.53,69.58,1.45
12-May-22,EEAST,James Paget Hospital,32,57.14%,25,78.13%,17,53.13%,13,40.63%,9,28.13%,27.88,22.59,15.58,254.18,66.4,156.63,35.41,0.87
13-May-22,EEAST,James Paget Hospital,41,74.55%,37,90.24%,23,56.10%,16,39.02%,12,29.27%,42.08,34.75,25.06,270.47,76.27,244.72,52.12,1.03
14-May-22,EEAST,James Paget Hospital,58,98.31%,43,74.14%,10,17.24%,2,3.45%,1,1.72%,8.92,3.77,1.13,106.67,23.44,42.63,22.66,0.15
15-May-22,EEAST,James Paget Hospital,50,98.04%,33,66.00%,6,12.00%,3,6.00%,1,2.00%,6.58,2.21,0.55,91.22,22.02,31.87,18.35,0.13
16-May-22,EEAST,James Paget Hospital,50,84.75%,40,80.00%,20,40.00%,8,16.00%,5,10.00%,19.67,12.37,6.41,159.2,37.51,89.45,31.25,0.39
17-May-22,EEAST,James Paget Hospital,48,80.00%,37,77.08%,22,45.83%,12,25.00%,4,8.33%,22.74,15.67,7.33,202.22,42.51,84.07,34.01,0.47
18-May-22,EEAST,James Paget Hospital,55,84.62%,49,89.09%,27,49.09%,19,34.55%,13,23.64%,42.14,33.04,22,246.82,60.75,161.95,55.69,0.77
19-May-22,EEAST,James Paget Hospital,47,70.15%,34,72.34%,28,59.57%,18,38.30%,8,17.02%,28.45,21.1,10.59,146.52,50,116.02,39.17,0.61
20-May-22,EEAST,James Paget Hospital,37,71.15%,27,72.97%,16,43.24%,8,21.62%,4,10.81%,17.15,12.2,7.12,271.48,42.21,107.12,26.03,0.46
21-May-22,EEAST,James Paget Hospital,63,92.65%,46,73.02%,23,36.51%,14,22.22%,10,15.87%,31.35,23.49,15.52,222.57,43.58,116.48,45.75,0.5
22-May-22,EEAST,James Paget Hospital,59,95.16%,46,77.97%,13,22.03%,10,16.95%,7,11.86%,20.61,13.96,8.55,145.57,34.35,121.47,33.78,0.35
23-May-22,EEAST,James Paget Hospital,66,98.51%,42,63.64%,6,9.09%,0,0.00%,0,0.00%,6.64,1.03,0,54.77,19.8,29.88,21.78,0.1
24-May-22,EEAST,James Paget Hospital,71,97.26%,56,78.87%,18,25.35%,5,7.04%,2,2.82%,17.47,8.83,3.55,188.1,28.9,50.92,34.2,0.25
25-May-22,EEAST,James Paget Hospital,59,95.16%,44,74.58%,15,25.42%,1,1.69%,0,0.00%,10.82,4.2,0.27,76.43,24.91,49.72,24.5,0.18
26-May-22,EEAST,James Paget Hospital,41,100.00%,23,56.10%,0,0.00%,0,0.00%,0,0.00%,1.27,0,0,25.88,15.58,20.22,10.64,0.03
27-May-22,EEAST,James Paget Hospital,53,88.33%,40,75.47%,14,26.42%,7,13.21%,2,3.77%,12.68,6.87,2.23,96.35,28.78,68.63,25.42,0.24
28-May-22,EEAST,James Paget Hospital,60,100.00%,40,66.67%,2,3.33%,0,0.00%,0,0.00%,4.51,0.39,0,44.6,18.61,25.87,18.61,0.08
29-May-22,EEAST,James Paget Hospital,60,95.24%,40,66.67%,5,8.33%,0,0.00%,0,0.00%,5.02,0.21,0,37.2,18.99,27.9,18.99,0.08
30-May-22,EEAST,James Paget Hospital,57,98.28%,37,64.91%,6,10.53%,1,1.75%,0,0.00%,5.52,1.72,0.03,61.95,19.73,36.45,18.75,0.1
31-May-22,EEAST,James Paget Hospital,53,100.00%,45,84.91%,18,33.96%,8,15.09%,2,3.77%,15.16,8.24,2,105.65,31.81,61.9,28.1,0.29
01-Jun-22,EEAST,James Paget Hospital,65,98.48%,53,81.54%,19,29.23%,4,6.15%,0,0.00%,14.42,5.35,1.23,85.1,27.52,45.07,29.82,0.22
02-Jun-22,EEAST,James Paget Hospital,58,98.31%,42,72.41%,6,10.34%,4,6.90%,2,3.45%,8.75,3.9,1.7,103.43,23.1,32.12,22.33,0.15
03-Jun-22,EEAST,James Paget Hospital,54,94.74%,42,77.78%,22,40.74%,8,14.81%,6,11.11%,19.81,12.89,6.51,153.82,35.74,90.58,32.16,0.37
04-Jun-22,EEAST,James Paget Hospital,44,81.48%,38,86.36%,18,40.91%,7,15.91%,6,13.64%,24.85,18.19,12.39,235.95,48.4,136.78,35.5,0.56
05-Jun-22,EEAST,James Paget Hospital,29,63.04%,28,96.55%,19,65.52%,15,51.72%,12,41.38%,33.16,27.64,19.39,324.62,83.48,174.08,40.35,1.14
06-Jun-22,EEAST,James Paget Hospital,26,47.27%,20,76.92%,11,42.31%,9,34.62%,8,30.77%,39.9,36.27,31.06,612.1,105.75,324.8,45.82,1.53
07-Jun-22,EEAST,James Paget Hospital,49,80.33%,43,87.76%,26,53.06%,15,30.61%,9,18.37%,38.29,29.77,20.52,341.55,61.69,172.53,50.38,0.78
08-Jun-22,EEAST,James Paget Hospital,57,96.61%,43,75.44%,20,35.09%,10,17.54%,2,3.51%,17.55,10.32,3.6,103.23,32.52,75.47,30.89,0.31
09-Jun-22,EEAST,James Paget Hospital,50,80.65%,43,86.00%,24,48.00%,13,26.00%,6,12.00%,24.91,17.48,7.77,176.4,44.29,99.33,36.9,0.5
10-Jun-22,EEAST,James Paget Hospital,54,88.52%,46,85.19%,25,46.30%,14,25.93%,8,14.81%,27.73,19.42,9.56,149.08,45.5,118.83,40.95,0.51
11-Jun-22,EEAST,James Paget Hospital,61,85.92%,51,83.61%,21,34.43%,14,22.95%,8,13.11%,28.43,19.84,10.32,195.72,42.06,102.93,42.77,0.47
12-Jun-22,EEAST,James Paget Hospital,57,89.06%,44,77.19%,15,26.32%,5,8.77%,5,8.77%,16.87,9.81,4.88,131.78,31.94,58.92,30.34,0.3
13-Jun-22,EEAST,James Paget Hospital,51,82.26%,44,86.27%,29,56.86%,19,37.25%,14,27.45%,48.19,39.09,26.56,339.62,71.28,170.22,60.58,0.94
14-Jun-22,EEAST,James Paget Hospital,52,78.79%,46,88.46%,33,63.46%,24,46.15%,18,34.62%,65.73,55.39,41.07,308.32,90.48,246.63,78.42,1.26
15-Jun-22,EEAST,James Paget Hospital,46,74.19%,40,86.96%,30,65.22%,19,41.30%,12,26.09%,37.2,28.75,17.4,257.58,62.84,146.42,48.18,0.81
16-Jun-22,EEAST,James Paget Hospital,54,96.43%,46,85.19%,35,64.81%,25,46.30%,20,37.04%,54.91,44.83,30.09,325.05,75.3,152.37,67.77,1.02
17-Jun-22,EEAST,James Paget Hospital,43,78.18%,31,72.09%,21,48.84%,14,32.56%,10,23.26%,32.89,26.65,18.46,289.82,59.69,141.18,42.78,0.76
18-Jun-22,EEAST,James Paget Hospital,48,88.89%,37,77.08%,19,39.58%,13,27.08%,7,14.58%,25.66,19.03,11.21,182.57,46.17,137.1,36.94,0.53
19-Jun-22,EEAST,James Paget Hospital,50,98.04%,39,78.00%,16,32.00%,10,20.00%,4,8.00%,21.2,14.48,7.4,188.4,39.54,81.6,32.95,0.42
20-Jun-22,EEAST,James Paget Hospital,40,74.07%,36,90.00%,24,60.00%,19,47.50%,16,40.00%,55.8,48.66,38.17,405.42,98.41,238,65.61,1.4
21-Jun-22,EEAST,James Paget Hospital,33,68.75%,28,84.85%,17,51.52%,11,33.33%,10,30.30%,39.24,33.3,26.51,302.65,85.65,250.73,47.11,1.19
22-Jun-22,EEAST,James Paget Hospital,29,55.77%,25,86.21%,16,55.17%,11,37.93%,9,31.03%,42.62,37.24,30.15,550.87,102.83,282.73,49.7,1.47
23-Jun-22,EEAST,James Paget Hospital,52,85.25%,40,76.92%,23,44.23%,12,23.08%,5,9.62%,21.39,13.96,6.13,144.42,39.2,79.93,33.97,0.41
24-Jun-22,EEAST,James Paget Hospital,43,76.79%,34,79.07%,23,53.49%,18,41.86%,15,34.88%,43.79,36.66,26.25,295.43,75.64,159.82,54.21,1.02
25-Jun-22,EEAST,James Paget Hospital,28,47.46%,24,85.71%,19,67.86%,16,57.14%,12,42.86%,48.56,43.1,34.71,369.8,118.46,258.57,55.28,1.73
26-Jun-22,EEAST,James Paget Hospital,36,67.92%,30,83.33%,25,69.44%,16,44.44%,16,44.44%,66.2,59.23,49.33,554.68,124.63,391.82,74.78,1.84
27-Jun-22,EEAST,James Paget Hospital,33,67.35%,28,84.85%,20,60.61%,15,45.45%,13,39.39%,50.78,44.94,36.3,505.65,106.27,271.55,58.45,1.54
28-Jun-22,EEAST,James Paget Hospital,41,87.23%,36,87.80%,23,56.10%,18,43.90%,15,36.59%,42.08,35.3,25.02,231.25,76.4,199.1,52.2,1.03
29-Jun-22,EEAST,James Paget Hospital,51,91.07%,43,84.31%,32,62.75%,24,47.06%,20,39.22%,75.54,66.38,52.7,416.47,103.15,253.95,87.68,1.48
30-Jun-22,EEAST,James Paget Hospital,42,79.25%,34,80.95%,28,66.67%,26,61.90%,21,50.00%,69.76,62.16,48.43,479.03,113.65,241.75,79.56,1.66
01-Jul-22,EEAST,James Paget Hospital,52,85.25%,45,86.54%,29,55.77%,21,40.38%,14,26.92%,39.61,30.76,19.06,200.95,60.31,135.57,52.27,0.76
02-Jul-22,EEAST,James Paget Hospital,50,92.59%,41,82.00%,16,32.00%,9,18.00%,4,8.00%,19.4,12.46,6.68,192.13,37.69,78.37,31.41,0.39
03-Jul-22,EEAST,James Paget Hospital,55,91.67%,47,85.45%,34,61.82%,24,43.64%,18,32.73%,72.19,62.14,48.55,436,93.46,256.82,85.67,1.31
04-Jul-22,EEAST,James Paget Hospital,39,73.58%,35,89.74%,27,69.23%,23,58.97%,20,51.28%,94.19,86.77,74.75,468.72,159.49,372.98,103.67,2.42
05-Jul-22,EEAST,James Paget Hospital,49,98.00%,37,75.51%,21,42.86%,15,30.61%,11,22.45%,51.81,44.74,36.38,492.17,77.18,255.17,63.03,1.06
06-Jul-22,EEAST,James Paget Hospital,54,87.10%,42,77.78%,28,51.85%,21,38.89%,16,29.63%,47.26,38.73,27.11,242.17,66.64,193,59.97,0.88
07-Jul-22,EEAST,James Paget Hospital,58,98.31%,45,77.59%,33,56.90%,18,31.03%,9,15.52%,39.28,29.66,16.77,303.23,54.7,117.95,52.88,0.68
08-Jul-22,EEAST,James Paget Hospital,49,98.00%,44,89.80%,34,69.39%,24,48.98%,15,30.61%,43.62,34.35,20.21,182.32,68.17,152.33,55.68,0.89
09-Jul-22,EEAST,James Paget Hospital,54,96.43%,50,92.59%,37,68.52%,32,59.26%,28,51.85%,115.3,105.06,87.97,493.88,142.92,397.35,128.62,2.14
10-Jul-22,EEAST,James Paget Hospital,36,85.71%,35,97.22%,28,77.78%,25,69.44%,20,55.56%,64.1,55.97,42.42,482.62,121.81,262.03,73.08,1.78
11-Jul-22,EEAST,James Paget Hospital,45,91.84%,39,86.67%,29,64.44%,19,42.22%,12,26.67%,36.94,28.18,16.79,199.55,63.64,156.9,47.73,0.82
12-Jul-22,EEAST,James Paget Hospital,54,93.10%,46,85.19%,33,61.11%,29,53.70%,19,35.19%,71.22,61.56,46.01,397.1,93.55,236.05,84.2,1.32
13-Jul-22,EEAST,James Paget Hospital,45,78.95%,39,86.67%,32,71.11%,27,60.00%,22,48.89%,90.34,81.74,67.51,422.95,134.66,321.72,100.99,2.01
14-Jul-22,EEAST,James Paget Hospital,46,85.19%,37,80.43%,29,63.04%,20,43.48%,19,41.30%,74.63,66.55,54.64,514.37,111.69,323,85.63,1.62
15-Jul-22,EEAST,James Paget Hospital,59,95.16%,56,94.92%,52,88.14%,42,71.19%,32,54.24%,112.69,99.32,76.46,366.48,129.45,257.4,127.3,1.91
16-Jul-22,EEAST,James Paget Hospital,52,96.30%,42,80.77%,29,55.77%,14,26.92%,10,19.23%,35.48,26.73,17.15,376.32,55.48,126.13,48.08,0.68
17-Jul-22,EEAST,James Paget Hospital,54,91.53%,44,81.48%,31,57.41%,23,42.59%,19,35.19%,59.87,50.58,37.53,312.68,80.86,207.62,72.77,1.11
18-Jul-22,EEAST,James Paget Hospital,43,84.31%,42,97.67%,27,62.79%,18,41.86%,17,39.53%,51.32,42.83,31.69,292.27,86.57,197.37,62.04,1.19
19-Jul-22,EEAST,James Paget Hospital,66,97.06%,58,87.88%,31,46.97%,20,30.30%,19,28.79%,57.32,45.94,33.43,301.47,66.42,192.52,73.06,0.87
20-Jul-22,EEAST,James Paget Hospital,47,88.68%,40,85.11%,33,70.21%,19,40.43%,15,31.91%,54.17,45.06,33.54,272.95,83.42,249.85,65.35,1.15
21-Jul-22,EEAST,James Paget Hospital,37,86.05%,32,86.49%,24,64.86%,14,37.84%,10,27.03%,44.5,37.69,28.27,429.88,86.92,259.9,53.6,1.2
22-Jul-22,EEAST,James Paget Hospital,46,79.31%,43,93.48%,32,69.57%,26,56.52%,26,56.52%,120.89,111.64,97.59,591.18,172.42,359.52,132.19,2.63
23-Jul-22,EEAST,James Paget Hospital,41,97.62%,36,87.80%,31,75.61%,27,65.85%,23,56.10%,101.5,93.27,79.22,547.37,163.22,373.05,111.54,2.48
24-Jul-22,EEAST,James Paget Hospital,37,78.72%,31,83.78%,26,70.27%,20,54.05%,18,48.65%,104.74,97.3,86.14,644.1,183.25,579.23,113.01,2.83
25-Jul-22,EEAST,James Paget Hospital,33,73.33%,25,75.76%,23,69.70%,20,60.61%,18,54.55%,60.42,54.39,43.61,308.2,123.36,257.23,67.85,1.83
26-Jul-22,EEAST,James Paget Hospital,41,83.67%,39,95.12%,24,58.54%,15,36.59%,12,29.27%,60.66,52.91,43.62,472.42,103.48,298.62,70.71,1.48
27-Jul-22,EEAST,James Paget Hospital,54,84.38%,50,92.59%,35,64.81%,29,53.70%,26,48.15%,98.9,88.54,72.78,535.45,124.32,292.57,111.89,1.83
28-Jul-22,EEAST,James Paget Hospital,44,80.00%,42,95.45%,32,72.73%,28,63.64%,24,54.55%,91.41,82.28,67.16,412.02,139.18,364.8,102.07,2.08
29-Jul-22,EEAST,James Paget Hospital,54,91.53%,46,85.19%,31,57.41%,18,33.33%,15,27.78%,65.58,56.37,44.89,371.95,87.25,267.12,78.53,1.21
30-Jul-22,EEAST,James Paget Hospital,37,67.27%,33,89.19%,30,81.08%,21,56.76%,17,45.95%,63.42,55.65,42.85,326.85,117.5,276.92,72.46,1.71
31-Jul-22,EEAST,James Paget Hospital,35,67.31%,35,100.00%,30,85.71%,27,77.14%,24,68.57%,93.44,85.6,71.1,503.48,175.18,341.82,102.19,2.67
01-Aug-22,EEAST,James Paget Hospital,53,92.98%,48,90.57%,41,77.36%,33,62.26%,28,52.83%,128.5,117.67,99.2,658.23,160.25,336.43,141.55,2.42
02-Aug-22,EEAST,James Paget Hospital,34,80.95%,30,88.24%,22,64.71%,18,52.94%,17,50.00%,80.63,74.09,64.15,488.98,156.34,386.57,88.59,2.37
03-Aug-22,EEAST,James Paget Hospital,36,73.47%,33,91.67%,30,83.33%,23,63.89%,20,55.56%,81.05,73.25,60.58,495.8,149.54,309.02,89.72,2.25
04-Aug-22,EEAST,James Paget Hospital,55,88.71%,48,87.27%,33,60.00%,25,45.45%,22,40.00%,71.83,61.97,48.19,303.45,93.11,242.23,85.35,1.31
05-Aug-22,EEAST,James Paget Hospital,45,88.24%,39,86.67%,25,55.56%,18,40.00%,16,35.56%,56.54,49.15,39.38,347.52,89.65,234.95,67.24,1.26
06-Aug-22,EEAST,James Paget Hospital,47,85.45%,42,89.36%,22,46.81%,16,34.04%,8,17.02%,30.92,23.42,14.41,273.03,54.25,133.15,42.5,0.66
07-Aug-22,EEAST,James Paget Hospital,42,77.78%,35,83.33%,27,64.29%,14,33.33%,8,19.05%,40.33,32.74,23,398.6,71.4,147.03,49.98,0.96
08-Aug-22,EEAST,James Paget Hospital,25,64.10%,24,96.00%,22,88.00%,19,76.00%,16,64.00%,62.71,56.97,47.29,592.72,165.43,302.3,68.93,2.51
09-Aug-22,EEAST,James Paget Hospital,33,67.35%,28,84.85%,20,60.61%,15,45.45%,12,36.36%,47.83,41.59,33.12,334.27,101.58,286.63,55.87,1.45
10-Aug-22,EEAST,James Paget Hospital,42,87.50%,40,95.24%,33,78.57%,22,52.38%,19,45.24%,68.29,59.04,45.57,341.28,112.04,270.1,78.43,1.63
11-Aug-22,EEAST,James Paget Hospital,44,75.86%,39,88.64%,34,77.27%,28,63.64%,21,47.73%,66.41,57.63,42.13,696.35,105.06,196.63,77.04,1.51
12-Aug-22,EEAST,James Paget Hospital,41,71.93%,37,90.24%,30,73.17%,26,63.41%,25,60.98%,104.96,96.75,83.26,495.68,167.97,330.08,114.78,2.56
13-Aug-22,EEAST,James Paget Hospital,37,80.43%,32,86.49%,24,64.86%,17,45.95%,12,32.43%,53.62,46.07,35.66,698.28,101.59,249.62,62.65,1.45
14-Aug-22,EEAST,James Paget Hospital,38,80.85%,30,78.95%,21,55.26%,19,50.00%,14,36.84%,61.2,54.8,44.72,600.15,109.7,265.4,69.48,1.61
15-Aug-22,EEAST,James Paget Hospital,34,61.82%,26,76.47%,22,64.71%,17,50.00%,16,47.06%,75.77,69.56,59.35,548.1,146.34,393.77,82.92,2.23
16-Aug-22,EEAST,James Paget Hospital,45,80.36%,42,93.33%,37,82.22%,31,68.89%,27,60.00%,116.53,106.8,90.69,551.87,169.88,349.23,127.41,2.59
17-Aug-22,EEAST,James Paget Hospital,56,96.55%,50,89.29%,39,69.64%,32,57.14%,29,51.79%,90.44,79.81,62.49,357.63,111.42,277.27,103.99,1.62
18-Aug-22,EEAST,James Paget Hospital,61,88.41%,53,86.89%,39,63.93%,27,44.26%,19,31.15%,59.97,48.54,32.98,306.43,73.48,157.62,74.7,0.98
19-Aug-22,EEAST,James Paget Hospital,51,96.23%,45,88.24%,24,47.06%,20,39.22%,17,33.33%,64.47,56.6,45.85,314.77,90.32,259.42,76.77,1.26
20-Aug-22,EEAST,James Paget Hospital,41,91.11%,34,82.93%,30,73.17%,20,48.78%,17,41.46%,66.44,58.54,46.2,399.8,111.74,237.47,76.36,1.62
21-Aug-22,EEAST,James Paget Hospital,58,90.63%,52,89.66%,36,62.07%,25,43.10%,21,36.21%,54.35,43.35,28.05,231.33,70.4,145.5,68.06,0.94
22-Aug-22,EEAST,James Paget Hospital,46,93.88%,44,95.65%,33,71.74%,16,34.78%,8,17.39%,29.8,20.56,8.99,161.3,53.8,103.57,41.25,0.65
23-Aug-22,EEAST,James Paget Hospital,41,85.42%,36,87.80%,28,68.29%,21,51.22%,18,43.90%,58.88,51.04,39.28,417.08,100.94,221.77,68.98,1.44
24-Aug-22,EEAST,James Paget Hospital,48,92.31%,39,81.25%,22,45.83%,7,14.58%,5,10.42%,19.1,12.05,5.97,161.63,37.66,90.77,30.13,0.4
25-Aug-22,EEAST,James Paget Hospital,58,87.88%,50,86.21%,35,60.34%,28,48.28%,23,39.66%,84.69,74.72,59.35,467.82,102.26,263.03,98.85,1.46
26-Aug-22,EEAST,James Paget Hospital,42,89.36%,38,90.48%,26,61.90%,17,40.48%,15,35.71%,58.98,50.99,41.06,347.42,98.73,251.2,69.11,1.4
27-Aug-22,EEAST,James Paget Hospital,63,96.92%,58,92.06%,34,53.97%,18,28.57%,15,23.81%,50.49,39.06,26.74,437.77,62.89,135.03,66.03,0.8
28-Aug-22,EEAST,James Paget Hospital,39,86.67%,33,84.62%,20,51.28%,19,48.72%,15,38.46%,85.66,79.55,69.83,522.22,146.3,439.15,95.09,2.2
29-Aug-22,EEAST,James Paget Hospital,53,85.48%,49,92.45%,34,64.15%,28,52.83%,20,37.74%,83.17,73.3,58.11,557.87,108.84,228.27,96.14,1.57
30-Aug-22,EEAST,James Paget Hospital,36,70.59%,33,91.67%,27,75.00%,23,63.89%,23,63.89%,101.9,94.41,82.31,602.25,184.46,443.33,110.68,2.83
31-Aug-22,EEAST,James Paget Hospital,44,81.48%,41,93.18%,33,75.00%,28,63.64%,21,47.73%,74.64,65.62,50.23,425.97,116.59,231.28,85.5,1.7
01-Sep-22,EEAST,James Paget Hospital,64,100.00%,59,92.19%,29,45.31%,11,17.19%,6,9.38%,25.83,14.9,6.15,116.65,38.56,87.98,41.13,0.4
02-Sep-22,EEAST,James Paget Hospital,59,96.72%,52,88.14%,27,45.76%,12,20.34%,11,18.64%,45.98,36.65,27.84,282.37,61.1,207.78,60.09,0.78
03-Sep-22,EEAST,James Paget Hospital,56,90.32%,53,94.64%,33,58.93%,14,25.00%,10,17.86%,33.82,23.11,11.3,141.45,51.12,121.03,47.71,0.6
04-Sep-22,EEAST,James Paget Hospital,40,80.00%,33,82.50%,22,55.00%,17,42.50%,13,32.50%,39.21,32.5,23.34,338.48,72.72,157,48.48,0.98
05-Sep-22,EEAST,James Paget Hospital,44,86.27%,40,90.91%,35,79.55%,30,68.18%,29,65.91%,131.34,122.01,105.53,537.6,193.28,469.78,141.74,2.98
06-Sep-22,EEAST,James Paget Hospital,40,81.63%,39,97.50%,30,75.00%,22,55.00%,22,55.00%,91.09,82.47,70,403.35,151.49,329.52,101,2.28
07-Sep-22,EEAST,James Paget Hospital,51,89.47%,48,94.12%,41,80.39%,33,64.71%,31,60.78%,78.36,67.5,49.64,295,106.97,222.43,90.92,1.54
08-Sep-22,EEAST,James Paget Hospital,42,85.71%,35,83.33%,29,69.05%,17,40.48%,16,38.10%,63.74,55.97,45.58,509.62,104.74,253.22,73.32,1.52
09-Sep-22,EEAST,James Paget Hospital,41,95.35%,38,92.68%,32,78.05%,19,46.34%,12,29.27%,42.83,34.02,20.02,225.13,77.46,160.85,52.93,1.04
10-Sep-22,EEAST,James Paget Hospital,55,94.83%,51,92.73%,33,60.00%,24,43.64%,16,29.09%,49.55,39.75,25.73,240.1,68.65,152.75,62.93,0.9
11-Sep-22,EEAST,James Paget Hospital,45,86.54%,39,86.67%,34,75.56%,24,53.33%,17,37.78%,69.84,60.84,46.33,346.75,107.73,278.95,80.8,1.55
12-Sep-22,EEAST,James Paget Hospital,42,87.50%,37,88.10%,30,71.43%,20,47.62%,18,42.86%,80.02,71.51,59.38,559.27,129.03,324.88,90.32,1.91
13-Sep-22,EEAST,James Paget Hospital,66,92.96%,59,89.39%,46,69.70%,28,42.42%,22,33.33%,71.8,58.35,40.09,355,79.59,184.45,87.55,1.09
14-Sep-22,EEAST,James Paget Hospital,53,94.64%,38,71.70%,25,47.17%,14,26.42%,4,7.55%,24.69,17.3,7.91,260.27,41.86,77.28,36.98,0.47
15-Sep-22,EEAST,James Paget Hospital,47,95.92%,37,78.72%,19,40.43%,7,14.89%,3,6.38%,16.09,9.37,3.24,106,34.37,85.68,26.92,0.34
16-Sep-22,EEAST,James Paget Hospital,60,93.75%,51,85.00%,31,51.67%,6,10.00%,2,3.33%,19.93,9.92,2.48,96.48,34.23,58.12,34.23,0.33
17-Sep-22,EEAST,James Paget Hospital,56,94.92%,48,85.71%,30,53.57%,11,19.64%,7,12.50%,32.93,23.22,14,405.13,49.77,96.55,46.45,0.59
18-Sep-22,EEAST,James Paget Hospital,46,83.64%,42,91.30%,33,71.74%,25,54.35%,22,47.83%,101.72,92.45,78.72,523.8,147.22,362.1,112.87,2.21
19-Sep-22,EEAST,James Paget Hospital,39,84.78%,38,97.44%,27,69.23%,22,56.41%,19,48.72%,72.87,64.92,52.9,465.98,127,270.72,82.55,1.87
20-Sep-22,EEAST,James Paget Hospital,44,74.58%,35,79.55%,27,61.36%,21,47.73%,17,38.64%,84.65,77.03,65.42,441,128.68,355.23,94.37,1.92
21-Sep-22,EEAST,James Paget Hospital,41,80.39%,36,87.80%,33,80.49%,28,68.29%,28,68.29%,120.39,111.72,96.02,667.8,190.65,402.87,130.28,2.94
22-Sep-22,EEAST,James Paget Hospital,31,70.45%,29,93.55%,27,87.10%,24,77.42%,18,58.06%,77.7,70.72,58.12,481.4,164.91,347.88,85.2,2.51
23-Sep-22,EEAST,James Paget Hospital,51,89.47%,50,98.04%,39,76.47%,28,54.90%,25,49.02%,84.44,73.61,57.4,421.78,114.3,279.9,97.16,1.66
24-Sep-22,EEAST,James Paget Hospital,32,74.42%,27,84.38%,19,59.38%,15,46.88%,14,43.75%,65.74,60.1,51.4,555.58,137.63,373.22,73.4,2.05
25-Sep-22,EEAST,James Paget Hospital,28,65.12%,27,96.43%,19,67.86%,17,60.71%,16,57.14%,81.06,75.33,66.37,534.78,188.58,499.93,88.01,2.89
26-Sep-22,EEAST,James Paget Hospital,33,80.49%,30,90.91%,22,66.67%,20,60.61%,20,60.61%,84.48,78.01,67.8,541.33,168.42,424.28,92.63,2.56
27-Sep-22,EEAST,James Paget Hospital,45,83.33%,40,88.89%,30,66.67%,28,62.22%,24,53.33%,121.9,113.19,98.64,714.5,176.8,510.28,132.6,2.71
28-Sep-22,EEAST,James Paget Hospital,32,61.54%,30,93.75%,23,71.88%,22,68.75%,21,65.63%,90.28,83.7,72.55,586.1,183.71,412.7,97.98,2.82
29-Sep-22,EEAST,James Paget Hospital,34,77.27%,32,94.12%,31,91.18%,27,79.41%,26,76.47%,113.82,106.01,91.75,616.55,215.58,437.77,122.16,3.35
30-Sep-22,EEAST,James Paget Hospital,36,87.80%,36,100.00%,29,80.56%,22,61.11%,19,52.78%,105.07,96.99,84.4,544.3,190.11,477.55,114.07,2.92
01-Oct-22,EEAST,James Paget Hospital,41,97.62%,36,87.80%,29,70.73%,21,51.22%,19,46.34%,67.28,59.49,47.49,472.2,112.71,0,77.02,1.64
02-Oct-22,EEAST,James Paget Hospital,39,86.67%,36,92.31%,31,79.49%,21,53.85%,19,48.72%,100.96,92.87,80.51,596.98,169.82,0,110.38,2.59
03-Oct-22,EEAST,James Paget Hospital,33,86.84%,28,84.85%,23,69.70%,21,63.64%,18,54.55%,86.72,80.25,69.29,444.85,170.82,0,93.95,2.63
04-Oct-22,EEAST,James Paget Hospital,26,60.47%,21,80.77%,16,61.54%,14,53.85%,13,50.00%,63.09,58.66,50.87,575.82,160.35,0,69.49,2.43
05-Oct-22,EEAST,James Paget Hospital,48,78.69%,41,85.42%,35,72.92%,30,62.50%,27,56.25%,118.46,109.09,92.61,640.25,161.89,0,129.51,2.47
06-Oct-22,EEAST,James Paget Hospital,46,93.88%,41,89.13%,30,65.22%,24,52.17%,18,39.13%,87.76,79.05,66.05,461.68,129.01,0,98.91,1.91
07-Oct-22,EEAST,James Paget Hospital,44,93.62%,38,86.36%,31,70.45%,24,54.55%,21,47.73%,110.19,101.58,87.81,711.03,164.51,0,120.64,2.5
08-Oct-22,EEAST,James Paget Hospital,31,81.58%,25,80.65%,21,67.74%,18,58.06%,18,58.06%,71.18,65.51,56.06,667.1,150.94,0,77.99,2.3
09-Oct-22,EEAST,James Paget Hospital,33,73.33%,23,69.70%,19,57.58%,14,42.42%,11,33.33%,60.59,55.45,47.92,621.82,122.54,0,67.4,1.84
10-Oct-22,EEAST,James Paget Hospital,34,77.27%,28,82.35%,20,58.82%,14,41.18%,14,41.18%,73.65,67.86,60.21,565.82,142.77,0,80.9,2.17
11-Oct-22,EEAST,James Paget Hospital,47,87.04%,42,89.36%,36,76.60%,27,57.45%,24,51.06%,129.72,120.18,104.76,636,179.97,0,140.97,2.76
12-Oct-22,EEAST,James Paget Hospital,30,81.08%,25,83.33%,22,73.33%,17,56.67%,16,53.33%,82.49,76.54,67.3,582.4,178.5,0,89.25,2.75
13-Oct-22,EEAST,James Paget Hospital,50,84.75%,44,88.00%,37,74.00%,31,62.00%,26,52.00%,150.43,140.49,123.91,706.08,194.35,0,161.96,3.01
14-Oct-22,EEAST,James Paget Hospital,41,87.23%,39,95.12%,31,75.61%,27,65.85%,20,48.78%,96.4,88.03,73.7,517.5,155.86,0,106.51,2.35
15-Oct-22,EEAST,James Paget Hospital,31,72.09%,28,90.32%,22,70.97%,19,61.29%,16,51.61%,72.55,66.53,56.55,653.53,154.69,0,79.92,2.34
16-Oct-22,EEAST,James Paget Hospital,35,85.37%,26,74.29%,18,51.43%,13,37.14%,12,34.29%,40.21,34.78,27.06,295.37,82.34,0,48.03,1.15
17-Oct-22,EEAST,James Paget Hospital,43,75.44%,29,67.44%,22,51.16%,16,37.21%,14,32.56%,75.5,69.34,59.88,618.68,117.14,0,83.95,1.76
18-Oct-22,EEAST,James Paget Hospital,33,94.29%,32,96.97%,24,72.73%,20,60.61%,16,48.48%,106.87,100.11,88.62,659.85,209.1,0,115,3.24
19-Oct-22,EEAST,James Paget Hospital,44,88.00%,42,95.45%,41,93.18%,36,81.82%,33,75.00%,197.27,186.89,167.67,716.75,283.65,0,208.01,4.48
20-Oct-22,EEAST,James Paget Hospital,37,80.43%,34,91.89%,32,86.49%,30,81.08%,26,70.27%,156.95,148.73,133.31,669.8,268.3,0,165.45,4.24
21-Oct-22,EEAST,James Paget Hospital,43,78.18%,36,83.72%,33,76.74%,28,65.12%,22,51.16%,96.8,88.34,72.87,567.52,149.53,0,107.17,2.25
22-Oct-22,EEAST,James Paget Hospital,42,87.50%,39,92.86%,35,83.33%,27,64.29%,24,57.14%,109.44,100.15,84.93,521.02,171.17,0,119.82,2.61
23-Oct-22,EEAST,James Paget Hospital,44,84.62%,39,88.64%,31,70.45%,26,59.09%,22,50.00%,92.06,83.66,70.02,448.52,139.95,0,102.63,2.09
24-Oct-22,EEAST,James Paget Hospital,43,86.00%,35,81.40%,29,67.44%,21,48.84%,19,44.19%,94.79,87.27,75.52,548.93,145.3,0,104.13,2.2
25-Oct-22,EEAST,James Paget Hospital,37,88.10%,36,97.30%,30,81.08%,24,64.86%,24,64.86%,107,98.62,85.63,476.1,188.13,0,116.02,2.89
26-Oct-22,EEAST,James Paget Hospital,36,90.00%,35,97.22%,34,94.44%,27,75.00%,25,69.44%,108.51,99.85,84.48,583.3,195.82,0,117.49,3.01
27-Oct-22,EEAST,James Paget Hospital,46,100.00%,39,84.78%,36,78.26%,28,60.87%,27,58.70%,100.83,91.5,74.8,507.62,146.15,0,112.05,2.19
28-Oct-22,EEAST,James Paget Hospital,50,92.59%,47,94.00%,39,78.00%,28,56.00%,21,42.00%,56.51,46.05,29.96,259.98,82.72,0,68.93,1.13
29-Oct-22,EEAST,James Paget Hospital,48,94.12%,43,89.58%,32,66.67%,17,35.42%,9,18.75%,44.52,34.88,22.68,306.23,70.14,0,56.11,0.93
30-Oct-22,EEAST,James Paget Hospital,55,87.30%,48,87.27%,31,56.36%,26,47.27%,21,38.18%,84.95,74.95,61.43,400.07,107.33,0,98.38,1.54
31-Oct-22,EEAST,James Paget Hospital,43,87.76%,39,90.70%,37,86.05%,26,60.47%,22,51.16%,128.92,119.36,104.75,635.57,193.76,0,138.86,3
01-Nov-22,EEAST,James Paget Hospital,43,86.00%,42,97.67%,35,81.40%,27,62.79%,20,46.51%,75.79,66.15,51.34,409.33,120.73,275.67,86.52,1.76
02-Nov-22,EEAST,James Paget Hospital,55,88.71%,47,85.45%,36,65.45%,30,54.55%,28,50.91%,118.66,108.81,93.01,694.55,143.99,344.58,131.99,2.16
03-Nov-22,EEAST,James Paget Hospital,40,86.96%,38,95.00%,33,82.50%,29,72.50%,27,67.50%,134.18,125.5,109.52,663.67,215.83,563.33,143.88,3.35
04-Nov-22,EEAST,James Paget Hospital,40,78.43%,37,92.50%,32,80.00%,28,70.00%,24,60.00%,123.2,114.72,99.76,670.08,199.58,399.22,133.05,3.08
05-Nov-22,EEAST,James Paget Hospital,35,89.74%,26,74.29%,24,68.57%,20,57.14%,17,48.57%,94.48,88.3,77.34,599.83,175.42,540.67,102.33,2.7
06-Nov-22,EEAST,James Paget Hospital,38,84.44%,33,86.84%,26,68.42%,20,52.63%,17,44.74%,65.19,57.57,46.61,517.25,117.32,243.17,74.3,1.72
07-Nov-22,EEAST,James Paget Hospital,40,72.73%,32,80.00%,28,70.00%,21,52.50%,16,40.00%,66.94,59.44,47.52,354.85,113.57,281.82,75.71,1.67
08-Nov-22,EEAST,James Paget Hospital,44,89.80%,40,90.91%,37,84.09%,27,61.36%,23,52.27%,81.91,72.31,56.97,386.32,126.09,278.5,92.46,1.86
09-Nov-22,EEAST,James Paget Hospital,48,88.89%,42,87.50%,32,66.67%,25,52.08%,24,50.00%,86.55,77.46,63.55,347.72,122.63,266.63,98.1,1.8
10-Nov-22,EEAST,James Paget Hospital,54,100.00%,45,83.33%,22,40.74%,9,16.67%,2,3.70%,19.04,10.58,3.28,126.3,35.83,73.65,32.24,0.35
11-Nov-22,EEAST,James Paget Hospital,56,98.25%,35,62.50%,8,14.29%,0,0.00%,0,0.00%,5.83,1.2,0,47.37,19.98,36.93,18.65,0.1
12-Nov-22,EEAST,James Paget Hospital,69,98.57%,60,86.96%,30,43.48%,16,23.19%,5,7.25%,26.94,16.89,5.88,127.45,38.02,86.42,43.73,0.39
13-Nov-22,EEAST,James Paget Hospital,62,98.41%,52,83.87%,37,59.68%,18,29.03%,4,6.45%,31.53,20.86,6.47,139.53,44.6,81.8,46.09,0.51
14-Nov-22,EEAST,James Paget Hospital,65,95.59%,48,73.85%,30,46.15%,15,23.08%,12,18.46%,39.71,29.71,19.53,243.32,50.84,137.48,55.07,0.61
15-Nov-22,EEAST,James Paget Hospital,53,98.15%,47,88.68%,29,54.72%,19,35.85%,16,30.19%,43.24,33.83,21.93,201.07,63.56,171.05,56.15,0.82
16-Nov-22,EEAST,James Paget Hospital,48,92.31%,45,93.75%,36,75.00%,24,50.00%,21,43.75%,63.46,53.79,38.62,298.92,94.14,222.05,75.31,1.32
17-Nov-22,EEAST,James Paget Hospital,49,96.08%,42,85.71%,33,67.35%,19,38.78%,16,32.65%,46,36.58,25.09,245.53,70.48,170.47,57.56,0.94
18-Nov-22,EEAST,James Paget Hospital,53,100.00%,40,75.47%,9,16.98%,0,0.00%,0,0.00%,6.68,1.23,0,47.58,21.58,35.38,19.06,0.13
19-Nov-22,EEAST,James Paget Hospital,58,96.67%,56,96.55%,31,53.45%,20,34.48%,15,25.86%,43.66,32.49,19.69,245.2,60.01,122.1,58.01,0.75
20-Nov-22,EEAST,James Paget Hospital,61,98.39%,50,81.97%,16,26.23%,5,8.20%,2,3.28%,16.15,7.97,2.13,99.67,30.14,57.85,30.64,0.26
21-Nov-22,EEAST,James Paget Hospital,58,98.31%,51,87.93%,35,60.34%,20,34.48%,8,13.79%,33.84,23.71,10.6,159.52,49.24,103.47,47.6,0.58
22-Nov-22,EEAST,James Paget Hospital,62,95.38%,52,83.87%,42,67.74%,26,41.94%,21,33.87%,68.32,56.53,39.75,327.27,80.76,189.5,83.45,1.1
23-Nov-22,EEAST,James Paget Hospital,48,94.12%,46,95.83%,43,89.58%,34,70.83%,30,62.50%,138.97,127.85,108.63,449.27,188.65,385.8,150.92,2.9
24-Nov-22,EEAST,James Paget Hospital,58,93.55%,53,91.38%,45,77.59%,32,55.17%,29,50.00%,102.27,89.93,70.93,382.67,120.49,266.97,116.47,1.76
25-Nov-22,EEAST,James Paget Hospital,62,95.38%,57,91.94%,52,83.87%,36,58.06%,29,46.77%,86.25,72.56,51.52,255.92,98.26,203.9,101.53,1.39
26-Nov-22,EEAST,James Paget Hospital,54,91.53%,50,92.59%,38,70.37%,20,37.04%,14,25.93%,49.37,38.77,23.82,263.08,69.52,164.43,62.57,0.91
27-Nov-22,EEAST,James Paget Hospital,51,100.00%,39,76.47%,21,41.18%,13,25.49%,5,9.80%,26.54,19.82,11.22,240.98,45.35,87.82,38.55,0.52
28-Nov-22,EEAST,James Paget Hospital,55,94.83%,51,92.73%,42,76.36%,35,63.64%,26,47.27%,83.97,72.79,53.55,331.32,106.4,228.35,97.53,1.53
29-Nov-22,EEAST,James Paget Hospital,51,92.73%,48,94.12%,40,78.43%,28,54.90%,26,50.98%,78.3,67.65,51.35,282.62,106.9,217.48,90.87,1.54
30-Nov-22,EEAST,James Paget Hospital,42,97.67%,33,78.57%,27,64.29%,16,38.10%,7,16.67%,39.78,32.44,22.3,393.95,71.01,193.35,49.71,0.95
